/*
 Navicat Premium Data Transfer

 Source Server         : 10.4.157.12
 Source Server Type    : MySQL
 Source Server Version : 50732
 Source Host           : 10.4.157.12:3306
 Source Schema         : wit-system

 Target Server Type    : MySQL
 Target Server Version : 50732
 File Encoding         : 65001

 Date: 18/01/2021 19:51:11
*/

SET NAMES utf8mb4;
SET FOREIGN_KEY_CHECKS = 0;

-- ----------------------------
-- Table structure for tb_advertisement
-- ----------------------------
DROP TABLE IF EXISTS `tb_advertisement`;
CREATE TABLE `tb_advertisement`  (
  `id` bigint(11) NOT NULL AUTO_INCREMENT COMMENT '主键',
  `title` varchar(255) CHARACTER SET utf8 COLLATE utf8_general_ci NULL DEFAULT NULL COMMENT '广告标题',
  `image` text CHARACTER SET utf8 COLLATE utf8_general_ci NULL COMMENT '图片地址',
  `state` varchar(2) CHARACTER SET utf8 COLLATE utf8_general_ci NULL DEFAULT NULL COMMENT '是否生效(0未生效1生效)',
  `end_time` datetime(0) NULL DEFAULT NULL COMMENT '有效截止时间',
  PRIMARY KEY (`id`) USING BTREE
) ENGINE = InnoDB AUTO_INCREMENT = 4 CHARACTER SET = utf8 COLLATE = utf8_general_ci ROW_FORMAT = Dynamic;

-- ----------------------------
-- Records of tb_advertisement
-- ----------------------------
INSERT INTO `tb_advertisement` VALUES (1, '题目一', 'data:image/jpeg;base64,/9j/4AAQSkZJRgABAQAAAQABAAD/2wBDAAgGBgcGBQgHBwcJCQgKDBQNDAsLDBkSEw8UHRofHh0aHBwgJC4nICIsIxwcKDcpLDAxNDQ0Hyc5PTgyPC4zNDL/2wBDAQkJCQwLDBgNDRgyIRwhMjIyMjIyMjIyMjIyMjIyMjIyMjIyMjIyMjIyMjIyMjIyMjIyMjIyMjIyMjIyMjIyMjL/wAARCAEsAiwDASIAAhEBAxEB/8QAHwAAAQUBAQEBAQEAAAAAAAAAAAECAwQFBgcICQoL/8QAtRAAAgEDAwIEAwUFBAQAAAF9AQIDAAQRBRIhMUEGE1FhByJxFDKBkaEII0KxwRVS0fAkM2JyggkKFhcYGRolJicoKSo0NTY3ODk6Q0RFRkdISUpTVFVWV1hZWmNkZWZnaGlqc3R1dnd4eXqDhIWGh4iJipKTlJWWl5iZmqKjpKWmp6ipqrKztLW2t7i5usLDxMXGx8jJytLT1NXW19jZ2uHi4+Tl5ufo6erx8vP09fb3+Pn6/8QAHwEAAwEBAQEBAQEBAQAAAAAAAAECAwQFBgcICQoL/8QAtREAAgECBAQDBAcFBAQAAQJ3AAECAxEEBSExBhJBUQdhcRMiMoEIFEKRobHBCSMzUvAVYnLRChYkNOEl8RcYGRomJygpKjU2Nzg5OkNERUZHSElKU1RVVldYWVpjZGVmZ2hpanN0dXZ3eHl6goOEhYaHiImKkpOUlZaXmJmaoqOkpaanqKmqsrO0tba3uLm6wsPExcbHyMnK0tPU1dbX2Nna4uPk5ebn6Onq8vP09fb3+Pn6/9oADAMBAAIRAxEAPwD3+iiigAooooAKKKKACiiigAopCwFAOaAFooozQAUUUZFABRRmigAooooAKKKKACiiigAooooAKKKM0AFFFGaACikyKb5gzigB9FIDmloAKKKKACiiigAooooAKKKaWGcUAOopuaUsB3FFwFopiuG6EVV1GZ44FETlGZtu4dRwT/Ss6tWNODqS2Q0m3Yu0Vhabrm+YWl6yrMTiN8YD+3sf51u9qVGvCtBTg7oqcJQdpBRSFgOpoDA9DWpAtFFFABRRRQAUUUUAFFFFABRSZFJuFADqKaXA60u7NAC0UUUAFFJketLQAUUUUAFFFFABRRRQAUUUUAFFFFABRmkY4FVpZ9nek3YaVydpFXvUZuARwRVCWc4zmq4nJ71DmaqkaP2gZxSi5AYc1mpIXmCbgCT1ousxsjKxw2eo5pcz3K9mr2NcTZqPzwOSayo7nKEEkj0pRNlQM8Uc4eysbCTBxSGXJ4rNikOzrT/P5xnvT5ifZ6mgslTA5rOSYbuvSrKTCqTIlEs0U1WDDinVRAUUUhbFAC0xnxSGQYqhc3BRsA9amUrCbsW2uAvWkN0ijczAAdSTWJNdiMZYk+gHUn0rI1LU2CfOwyOijoP8T7152LzGGGWur6IxnWUI8zNbV/FUNnGVgwzf3j/QVR8Ka89/qF0JnJLIG5Pof/riuCv7xppDls1oeDZmXWZiOQIDn6llrysPj61fExcnp26bHkU8dOriYpbf8A9WN4hyB1qI3IJwD+tYy3LD7tDTODggj1zXv+1PY5zcNyMcHmojMSTzWbHcErnP5U5LjI5p+0uPmNWK43HGan31jxvz1q3HMemePerjMakaCtmnVXjkGanByK0TLQtRvPHGwV2Ck+tSVia1cG1u7Zu0oKZ9xyP5mufGVpUKLqRV2v8AM0pw55cptAhhkHIpc4rnUu9p3IzRn1Q8fl0qyuquoxIokH95OD+R/wA+1cdHN6E9J+6/Pb7zSWHnE12kCiqsk3J5x+NUjfrOp8qQN6joR9R2pIQJA+T8xyFye+M/4V1uspfCSoW3Lgn55YY+tRySgDO7gVSCTF+BjqOvp/kVVZ5XIXY2WPA/z9DWUqzS2LUEa0Vyu87W4qtqEo+zOcj5CHz7A5P6ZqmI7mFuYmGPxoaX7RE6N/GCDWcqnNBwl1K5NbozNRhD7lP4GtDQ/E28/Yb9sTrxHIf+Wn196z5pPMtoZCeWQE/XHNYl9D5g3rw68g18th8fPB1dNuqPUdCNeFpbnpLTgnrQs3zda4zQtdaVUtrliWzhHPXP90+/oe/8+hScg9e9fVUcZGtFTieXUoOm+Vm0kmRzUvWs+KXcoNW4nzxXdCdzncbEtFFFaEhTGbFBeqtzNtOB1ppCbHtcBTjNNNxxwaznlLMeaVhIsauSNrgkYqrEcxcklZSM5BxmmpcknFVnlklAJ6KOeKiV8E4NOwrmk8uRxRHOV4zmqit8vUmlDfdG7b7ntSsO5pLNuUEVG0+elVEkI9aVm74pWHctCTNTI2QKpRtx1xVmNsAZNDQ0yxRSA5FLUlBRRRQAUUUUAFFFFABRRSMcA0AVZpetUZX3H/69Omcl8H15qFnwM/1rGTOmEbEbHnFN80xxui4ww5yOaQsDkfnUBb5sj6VDZslceHIfIYgg9RSSTM75dicDjJqHJJGFyT2HenxxK88aeaMsPm4+6fT3qbl2S1Y5WdSGHbvViOM3OZGcKWbj5e9TPZs0GEUDK9HXDZzVBJ5IAVRiM+mP896rbchPm+Hcl8wplc8g4PNCyZb3qo0hOOeM8806Jvzqbl8uhoKxHI9asLJUNrF5sfmOcqM4Hb8TUksRil2g8dq0V7XMHa9i9bPkYq3Wbasd/PStBTWsXoc81Zjqhmbmpqrzg4JpszZVkmI/wrMvLjCmSQ4VRkn0FXnGc5/SuV1+8xIlqMc/O/0B4/Mj9DXFiavs4Ob6HPVmoxbZHLfZLSnIJHyg/wAI/wAa53Ur0uSM1Nc3J2nmtjR/C8N1p/23UQzecMxRhiML/eOO5r5Cq5TcqszynGtjJ+zpnDyybVLGt3wQhf7ZckcMVQH8yf5iq3irw3Jp1s1xaymSBT86t95R6+4rovCOlTpoVuNoQPmRmcEZJ9B1PGPSurL6tFfvXLQvC5dWoV+Wa1NeKTayEHAB6irf2m2acs8bum0DPTJznp2FQy2UUSktI7kD1wP0qhaSb4znqpKk/Q4r08LmVLEVZUqfQ9eph50oKUupqNcwm32iDa+AA+fp/wDXqQz2vy+XCcbgWJbqOeKokjHJ/WkDrHkuQoHOelehzMxuay3MXnyMFGwrhRjGD+FPSTdzgDPSsZrsKuUXj+83A/AdaqTawsQOZj9E4H+P61yVc0oUna935Ezrwh8TOujfA5OPxqRb+2j4e5hX/ecCvN7rxADnagY+r/Mf1rEv9avPs8k0f3UGSegFZLOru0Yfic/9oKUuWnHmZ7Xb3UF3GZLeVJUB2kqcjNZfia0FzpqN3jlB/PK/1pfCtpJZ+GrFJs+c8fmyZ67m+Y/lnH4Vo3sRnspowMllOPr2/WvWr05VsNKD3a/Gx6tGbTjJ7nDWd8yym0uj+8Bwjn+L2+v86tSMV6GqOtWysUnUfK4Gf6VWttSKqIrk5HQSH+v+NfAUMR7WFpbn0Cjdc0S+8+WBOQw6MDgj8alh1R4WHnHKg5EijkfUf1FUpfUVDuIqqONq4aXuvTsOVCE1qdG108yIwlDJ1Ug5H4VD9olEflqxCg5H/wCv/PWufS5msXMkI3xE5khPQ+49D/OtiG5iuoFmhbejcADrnpj619Fh8bHEx5ovXqjhqUHS32JRPKvAkYYOcZ71LEksqSyptwh5BH3j1x+X86JbS5iPzQhv9xx/XFOt7gR2/wBnYFJCzMVPfJ/XtXNjMdGlTbjLUhLm2MWWcKXhOVKuSAwwcE5/rj8Kqt81bl7bw3Fu4kAyASrd1PqKo6fo01xZpNNcJGXUMFCbvz5FfM+2+syc9j0adWMIanPTL9mug3RH4PsexrrdIvjd221z+9jG1vf0NYes2LQRmJmDEqWVgMdP8imaHdbbmF/4ZPkYfXp+uPzr1ssxThNK+j0/y/yDEwjVp8y6HcW0pxj34rRhbpWZAO34da0oBj/9VfZUWzxJou0h6UDpQxwK7DAgkbbWfM28nIq9L8w96z5ODVozkV9jHcQOB19qMfjUjKyoG6BuKiZv85qiB247Cu7AJ5FLAoaUKVLDngGoC/viljYjkE07Bcv3KJGBsB5OM/Sq+/pzgUx2ZiWJOSe9EjIcbAQMc5weaSQ2ycyIz5RcD060eZ2NVC56cUqsc9OKLCuXFkGRgcelWVkBGPaqCtgZH0qeN6TRSZpQNlcVNVOCUE4x1q5UM0QUUUUhhRRRQAUUUUAFMkJCmn0yUZQikxoybjls5qq7kdDgVZuMEnr16VSZjkfXgVhI7ILQjDbe/Wonc9O30p7MM9c/hUBPvwKzbN0h0czwyh0OGU8HFIJWM3mk5bdu57mmE4HTrS9c5ycfpSuVZF9tRkZGRY1UNnue/XvVBjj0+tRlsH0HvRnj8O1DlcUYKOw7cTx296erY/WolUscKuT7VZlt2iTduVsNtcL/AAn0pIbstCxbXE0G50AOcA57elWEnec7mxkDGQOlUJbl52UuQSFCjtWlbXcP2dUJb7uCu3gn61rF30uYTVtbak9s2G5rTjIKjmsa3JDCtaFMKOa1gc1VE1QzVNVa4lCkjPNW9jBmbOxU5xnivPb+7Fzql1IDxv2D6Lx/PP513F1JuZwP8K4HwnZxa9qFxDPNImFaXKYyfm9/rXi5k24KK7nn4qMqlqcd2ylKwaRVY4UkAn2r1CSQbAqjCgYAHYVkTeENJjXnzpeOS0hH8sUt0JraA+VISmMYbkj8a+Qx9dwfsk9T0spwM6HM521sVtSnia4SN8NHn5x6j0q/DqMLrw4A9ziuWuJDnrSWqNczLHuIBPJ9q4fY+7vY+idGLjqb15qSPmGDMkh67QTgVWtFeKECWN1JYkllOOTWvb20NtCEiQKO/qfrVPVrpLWxd25yQAB1JzwK3y/GPDVkqavzaO/qcGJpxq0+XZLUZPcpCnzZLtwqDq3+ArPmvhF88hDuOnov0/xrOlvGBaWQ5lbrjoo9BWRcXbSsea+hxuLlUfJHb8z4zE43l0gaF3q0khPzGsyS6ZsktxUKCSd9kS7j3PYfU1rWunxxYeT95J6kcD6CvLk401qGByjF5g+d+7Hu/wBO/wCRTtrKW5IZ8pH6nqfpWudHW8ey05U+Se4QSD/YB3N+gNaOm2Rnk3sPlFbuk2gbWHnP3YE2D/ebr+QA/wC+qeXyeJxsKa2Wr+R9bDAYbL6EoU1dtWbe7OuXAAA6UtNXGMjpTq/QzhOX1GyDefbkfdOV+h5H+H4Vx88RikZGHIr0bVIgpS4HQfI/0PQ/gf5muY1nTt4M0Y5HWvznNMK8JjJJfDLVfP8A4J7OBr6crOfiuGtxtOWh9O6/T29qtEhgGUgqeQRVMjBINRiVrViR80Z5K+nuK5X7/qeja2xfqvaXJ03VoiTi2klQyDsMMOf89qmjlSVA8bBlNUdTAMPvTw1SVKomhuCqJwfU9HuJFZcj0rntXkKIrIcOpyDVTSNZnutMgTyXkmUbOP4scZz9MVFqAvmQvLDhfRTnFLFupUrJyVkefRpckrMpPqErHDOSK6KwvUks1+ZV2jGM1x5jYv061u6bon2hN08jgHoFOAKzqU42snY6qyjy6kWu3schjVTkjPPtj/8AVWHZTGKKRgeY8sPw5Fb2p+GQFaaC5fcB92TkfgR0/WuXtH81pUTq42j6kYrpw0Uo8sN00OEoOnoeqwAtyufzq8hK8nj1rLtpduABxnpmtFZQ20cZHcV97SkrHgzRoxkFARSSGiI5WnNXajnZTn+76VnMx34rRueR3/Ks6RcHrkmtUZSGOx6Z98elAgaSPehLZbbgdaYx5545q5bzZhYyBRn5BxjP+eab0JWpnzL5UrIcMR3xRFIEbcVDAdj0qSVglyGVTuUgEMM9KidzJK0hUDcecdKYh+7FMZxnjpT4kaRiqLuOM4FQufm49aYClsnB9e1OQ1GKevfFAibNSxv34qADnsPrT1OPSkUjRtueScGtBDlayIMscdK04AQuKzkaRZNRRRUlhRRRQAUUUUAFRy8LmpKhuSRHxSew1uZF4/7wEdetUD82cCrN0Tvx1qBSGyT/AD6Vzy3O+Csiq/ykjr2/WkGSpp0ykE/yqME5zzWbNlsK2Md6GOF7YPalI7Dt7UgXcMA0hkXGcCjHFLgqTyKVhgDP60hlvTHCyvGQ2WXI2nDHHOPx6VpXEp+yyFlfDKX+YBRzxtPv3rB5DZHBHNO3l2LOxZj1yeTVqdlYynT5pXJEZVZt6byQR1IwafE+HAz3qS0tRcK5L7SAAAOv1+lV1yjEeh7Utirp3RtRNv2YQKBxx3962IgAgxWJZsCq8HPrW1F9wV0wOCtoySs67QglxV9yQvFVpTmPkcY5py1RzyOeuAd5yRXm3hnUh4f8d3EE7bYnaSDPblsqf0H516RfTKqn646cmvMvFNtHc6g9yEAdgMhfbjJ/SvDzCUOXkb1OGtWjSlGb6M9RkvY3XcJFKnvms26u1nAgh+ZmPavM7XxLeWiCKaLzwOA27Dfn3rb8M+Jnu/E9pbzWwgt5Nyby2TuI4/Xj8a+RqZbWcnOTvY96jmWDcU4y1fSx0x0Zn5Y4NQPZ3GlyC4ixIo6qf88V08/7sle1Zt3MhiZT3rzvaTUuV6o9KFSUvQZFrFpJAsm4rkZ2kHNc7qWpfb9S2DiKAcD/AGj3/L+dc1deILmC8uraCGMrHK4Vzk9zWfFrD5klbhpGLEZzjNezhMu9lL2n3fM+fzXMaLpOjQd5Xs/Q6C+mVFJZgAKp29vJdEM+Ui7Du3+FV7OOW/lWafO3qi/1NdLBAFUcVriKipuy3DKsig7V8Srvov8AP/IbbwLGgCqAB0ArRtLVp5AAOKW1snncBRx610lnZpbxgAc+teRWrdFufTVKqgrII40s7UsRwoycdTVywja3gAcfvGJZ8f3j1/AdPwqugF1d7esUByx7M/Yfh1+uPSr/AEPH5V9Xw7gXSpPETWstvT/gnz+Lrc8rGlbPuHUVYqjaPhsEde9Xq+qi7owWw2RFkjZHAKsMEHuKwmiMbvbSclfusf4l7H/Gt5jhTWVqC+cgKfLKnKN/Q+xry82wMcXRsviW3+XzNqUnFnK6ppRVjJEPqK5+ZWUEEV3SXCT5ikXZMo+aMnn6j1FZ97pkNxk42t6ivganNh58s0e1RxF1aRwouXs5t6ZKk/Mvr7/Wp7i9W4jG3oRU2qaY0BIwTk4AA5NY8G9JWgdWUnlQwI+tdkFCpHnR3Ummzu/BAQ6XcDC7hOcnvjArduo0ZCpArz/SZL3TJ5Li3IO8ANG3RhWw/id3QhrOZJP9nDD8+KjEyc48sFc4auHn7VyWzI9UEVjN5jEKo+Y+wrWstVt/JX94BxXH3UV3rM374GODOSCclvrT49FEQxFcyxr/AHQTisHRgopSl7x0OlzRtI6LV9XR7doIHzJKNoI7e/4VhaFor22pIJpEaJTvRum49hj9fwqe3sY7c7sl3PVmOTVxGAOG6Vrh66w800rrqJ0bQcYnRQglhitCBj0rL0+cSKVbG9OpPcdj/n0Nblug3KRnBr7fCyjVipwejPEq3i7M0ISTGD0qQ8imJjGB0pzdK9VbHIyjeHb7n3rPVkaVQ5wp6mr9yMknrWW6kybQCSegFaxMpbiy7fNIjzs7ZqPnHXj61L9nkWATkfIeBikWIujvuA2DPPfrVEEPLHkk9yaCay9X1WPTIF5zLIcKB1HqaNJ1H7dbvubMiHBJ6kHof6fhWXt4e19l1NPYy9n7ToaiyOijy/kYZ+YdTntUZ61KmGHI4ppUDPUVsZDMcU4Hn9ab06/ypy980AOzjrTkbB/rTeetIDj8O9AGlbAkgngVqRAhBmsuycEYNasZ+UZGKykbRH0UUVJYUUUUAFFFQz3KwjH3nPRRQCVyaqdzPEnDyKv1NVLq8xFl3LMeiocAf1Nc/MVZjhVH0FDidlDCynq9DWuzEV3bgVPfqKrDBUnPHQc1jSwtjdExR+uVOKbHqjw5MijcPvqOAf8AaHvWMoWO36rNLR3Nd8Mc4JGc5qv0NOgnS5gEiH8PSrFmoMpUxliwwuMHHfoeKxa1sZfCisDxil29CDjHp2q2YbeNZvMYMysVGB19P1pjGBXYI7quehGc8/8A66LBzX2KjKeTTPcYrUNvbzTiOOb5TwMjBHOKzWG1mUHI6UmrFRkmJj3ope3uTmm0iiVGK8KcZ4OD2qZVyOmSarjp/SrUSYAPr+gpoiRoWiggZ6CtqIYQVipcxQPGJAcEhSR0XJwM1toNq4rqgjgrbikZBFZV7JhGXJGBzj0rWrJvYRNfQw/wtyw/2R1/oPxpVXaJzyVzlru5DW7uSwl3EBT2X/GuJ1HPnEMOvPNd94k0i6SSS5tY2lic7mVBllPfjuK8/ux+8OThh1B6ivksZTnGb5vvPAzOMk7NFEwRk5KinKirjaMEHII6g1LFHJM+yJGkc9FQZP6V1Oh+B7y9dZtRVra367D99/w7fjWFKhVqu0UcFDD1q0koJjIvFsotY/7QtpGJHyzRj74HGcH+lZmpeKYWhdbVZTORhNyEAH1r0HXfDVrqekx2lsI4ZrZf9Hx0H+yfY15ZcW0trcPBcRtHKhwysORU4nK6eHnz2un+Z9DiMzx2CgoO0k1vbUz4bby7dmI3Stkkn1rOt7RnuSrrhE5bPA9q3ailVxiSIAupyAwyDVQqtN+Z4OHxLhVUpd+upuaVYyuiMIzlgDiuntdJOAZTgegrntE8S/arn7KtlMs6ruYArjj8R6106X85XiAL7yN/QZry62ExtWXuQ/r1P0NZhRcOZTTNKGFIkwoAAqKW6ab93bnCfxS9v+A+v16VSbzJuZnLgc7QML+Xf8anQsTjPp1r08BkCg1PEu/l/mebXx3NpD7zRtVSOJUXhR04q8u1ieaz4SDHnv7Vegz1zmvrobWORMuQKFkBq7VS3GWHHAq3XTHY2Q2T7hxWZcM6EEDIHrWlJ9w1QuCNpzWVXY0gYN3Gk+CwzzkEcEe4PaqM8lzbQs6XBkCjhZVzz2AIx+ua1p4ypYsTjvWeYxJcRJ1X7xz7D/HFeDj6NKUHKpFOx3U3qcxfX93ctg24EinIKueD+VLbpcTgNdou4Hgj0rUuYgszHHeolVndURSzMQAo6k18nf7EYnsxcUroYFC9BSkKBk4+tacWganKcGBYh6yOMfpmt3TvD1vZsss7efMOQSMKp9h/U/pXfhsoxNWXvrlXn/kc1XG0oLR3ZlWfh2S4015nBjuG5iVuMD3+v6cfSsiSKSKZopEKSKcFT1Fei1VvNOtb9cTxAsOjjhh9DXtYrJaVSnFUtGvx9TipY6cZNz1TOEeJ4yQ4wR2pnfrXTSeFVLZS9kx6OgY/pimr4UGfnvSR/sx4P6k14zyTF3tZfedix1G2/wCBkWFx5V3ByfmOw49+n64/OurgfkcZ571Wn0m10/R7s26EyiMsZHOWJXkfhkdBVmywxAIyK+ly3CzwtNUpO55leqqsnJI1kGFHGKH+6TSr0oPSvcRxFCUkDJ5/rWfOnzkjitOVflYis2Q9T2rRGUiuZZDGI952Z6Z4pCF2j5skjkY6fjSORuqC6JFuwU/M2FU+54onNU4OctlqQk5OxyWugzyTXJztIxHnsg6fnyfxqhpupf2dqCSMf3R+Vx7H/OfwrY1oKZHiAwqrtxXIMxMKE/exz9a+MyzGTrznWlu3c+irUoxpRh0sesxMNoZSCCMg+1Gcmub8I6oLzT2tJG/fW5wPdD0/Lp+VddDbpNGrZ2gZDt6elfZU6inBTXU8CdNwk4spYpyjB/matNbKCFDDdj5iSNoPJ6/hUfkrhgZVDKwXHbr1q7kWGjp3pNvoasvZtH5hLqAuOT3quDxjOaLhYs2gIf3z61tR8oMisa1XL+pNbEWQtRI0gS0UUVBoFFFFAGZqGrpaT/Z1UmYqDlugB7+9UBcb/mLFieST3qzr+mNdxJcQjM0PYfxL3FZlojSRkrkgDNVE9GhCm6fMt+pHdSFmJqmTmrNwOarUHo00lERmCjJPFZOoOm8OhGe+Km1KUxLuV8Vy8+pE3KxRqXZztCjuawqz6HVTjb3mdJpF8sc32ck7JF456EcD9Dj8K2wc1wTXT2AVwoLqPvs3HHPGPw/Ku2tpftFpDOQR5iK3PuAa5uZNnLiqLg1O1kywB3wTSEgbefypgdM/eWpcA46UHGOjkZOUBD4+9UDdO1PCkA+ntTTkfWhjW40YA4pR156UD/OaTP8AkUhjwAcY7d6lik2uvoKhHtVm1hE9wqn7o+ZvoP8AIH41cVd2REttSS/UnT9jZ3MNx/H/AOtitfQdQOoaXHI5zKnySfUd/wAetZWoPuDZ71U8LXQgn2E4V3MbfXJ2/wCH408XiFh6lNPaT5fn0/y+ZNWjzUL9UdpVHG7UpGI+5EAPxJz/AOgip7m4FuikqzljtVV6k1myT3LXLusDoGAHzEds+h961rPSx50IuTNGmPDFL/rI0f8A3lBqtHPL/Epqyjbq57mjjYVI0jGERVHoBiuL+Jni6XwvoKR2POpXrGODjO0D7zfhkAe5rtq8O+KN+y/EOzZsGOzjhIV/ujLFjn9KqKuwW5yl/wCEPHlrZ/8ACQXIvF/5aGTz/nX3IByK6vwR4mTxcE0bxOpN2pEdtqC4V8nJCP2OcHGR29a7mL4iaH4q09tKsZNt9eQvGI5xtVCVOcmvMfBehS6j4h1qxRgJI7dysiHIWRJF2MD9ea0dOFT3HqFWKnTamtDu774f6jASbOaK5TsCdjfrx+tc7f6XfaW6Le2zwl87c4IOPcV69ol82p6HZXrrteeFXdfRscj881g/EG3WTQo58fNFMOfYgg/rivExWX0owlOGjR4WNyujGlKpT0a18jz3SAI9btphw27YT6g8f1rtxxiuHsP+P2Ej/nov8xXc54+tRl0m6bT6M58tk3Ta7MVTgVOhG7dzgCoFOOhwaernp1HpXpJnpI07bbs64461dgYoB0x71kRP0A6ZxjHatOKQMoXvit4M1izStZBkj1NXay7QMpx6da0x0rqg9DaOwMMisy9+Rc+hz1rUrO1GN2X5eBjk5qay901huY8zM2V/MY6VXtin9ooZCcMj/wBKViQ+Bnr3FV2fZcwueMPg/iCP6ivCxetKR2xRHeRr5jFemadoNuJdajJHEatJ+PT+tF1wxq34aYfb5x38vj8+f6V4mChGWMhf+tDtrSaoM6eigkCqWoatZaZAZbqbavZVUszH0AHJr7A8ixdorlv+EwuZiDaeGtVlQkhXk8uLOPZnyPxArW0nVpNSVvO066spF6pOo5+hHBoHytGnRRTJN+PkFIRBqTBdMuienlN/KoLf5NpwegqG+tbiaFlkuREjcHkD+dNt5JACxuLeeNcBjG3zDJx2z/ShblNJLc3om3Rg081HFwgHtUldq2OdldxyeOPasyYhWPXvWpK+3JHWsq7IYE1pEzkUm688e9Qn97dRIeiBpD9eg/mfyp+aS2+ae5f0Cp+mf/Zq8zPavs8BO3XT7/8AgF4VXqo5fVPmupfrXI3A8ueaM9m3D6Hn+ea6+/H+lyfWuT1hDHPHKOh+Rv5j+v518dlVTlqcvc+lrQ5qa8hdE1D+y9etZySImby5f91uP0OD+Feq7toIzgHtXi0ySTlI4lLSOwVAOpJ6V7DDKRbxi5Bjm2ANu6Zxzz0r7PBYmnH91OSTeyPCxlNu0kiyxyOgz2pjEIBlgPqajZ281IIgDI/PPQL3Jqd7SJYyHzK5GCzf0Has8zzuhgPda5pdl+pz0sPKpr0DJPUj8aFPaq0MjeY8EjFnUBg394f41MTjNelh8RTxNKNam7pmM4OEuWRftG2vkflWxHIGOMVz8D7T14/Stm2ccAjBq5IuDLlFZl7r+nWGVlnVnHVE+Yj/AA/Guav/AIhxQ5FtbZ9DI39B/jXNOvTho2dEaU5apHcVGk0coJjdXAO07TnB9K8b1TxprWrM0EMpRSCSkXyjHv3r0/wxpj6V4ftbabm4K75j/tnkj8On4VNLEKrJxj0KqUXTim3ubNU5bQLveFBlhyvTP0q5RXQZJtbHF3z+VIVcFW/uuMGsee9UfLyDXo89rBdJsnhSRfR1zXOar4O0u5+dDNbnuEfKn8DUzcuh6tDHQS5Zo88v71J43K/Oi/3s/wBK5wXaS3gWztW+0BG2oFbDHp/F04zzXQavoF3puuwWNhI863C7lLLwuCc59gMH8a6PTvD8dnGMgNIR8746n/CuJQqTk77HtuthlTThq/mc7Y6DNdW4GpybieTHGcD6Z/wrpLWxt4IkjSJdqDChvmwPxq99j29qd5W2uunTjBaHPUruq7ydyIIoGNq/lSeWg5UbD6px/KpCMU0nFamdkyL7Y9udsi+Yn94DDD/GrIkWVA6MGUjg1m3JyDVWC7a0nAcERvywPp/eFctRRvZbkTw6teO5stx+VKMe/wCFJkEZyPXilHHX+dYnMOHt+daViNsDyHGXOBj0H/181lOW24TqxCr9ScCtVmWKFUX7qjA+ldOHWtyJK7sVbx8kisHTpil3KgONzNg+hzxWtO+cmuftW/0kt/00J/WvF4ll/s8bb3/Q7oQ92zPSvO+0Wtlc44LAn2JUj+Zrk/Gfw4sfF17Bem+ubG6jAV3hOQ6+mPX3rotKX7Rozw7sFWYKfQ/eB/M0++up/wCwrq5tVxcpA7Ip5xIFOAfxFenSq+1owq/zJP8AA8Bx5ZuJHoWiW2gaVFp9tJPKic+ZcSmR2PqSf5DitLArxe38S+OpVEkuqoinkAW0f/xNaumeK/EcWo2wvr1J7dpVWQGFF+UnB5AFZupG56TyrEKLlp956nXiPxW0528Xhun220UQsehkUkY/l+de2npXN+LPDtj4l077LeqwKNuiljOHjb1B/pWsZcruefGLb0Pm4eHtQiunNzZz2rjOZJUIQH617R8ItAOlaNe6zMp23CiODI5ZFySw+rfyqtp/w9tPtsSatrF7e2sZyIZm2px645P6V2Ml6fMFtGVFrENsaxLhQB0AFX7WMVdG/wBXnN22NbSIvsml21scbo4wGx69/wBayPHkgXwyyn+OVFH8/wClaNnKcDPFcf8AEbV0ItdPRslcyv7dh/WuHFTtRk31X5nn5mvZUJ+lvv0Oa0hPN1CFR/fB/Ln+ldnjFcx4TtmkaW7YHao2L7k9f8+9dOfbvXJgafJS16njYCm4UteuohODxTlI9Mmm54pRnNdh2l23wCCD14PFaNqckEg8jj2rIUtwR6YxWlYuXIXI9TW9N6mkHqbEBUMODk1fHSqUK7nHoO9XRXbHY6IhVDULmO2TfLIEQDJJ6AVDqmv2WlowkcySj/lmnX8ewry/xP4lutVc+Y4SFfuxIeB7n1NcWMxtOjHlTvLsc9fGU6G+r7HbHbcwrcRgMkmGDZ4INVJV3qyknJ7is/wXfNc+G9p5MLsnJ6AjI/ma036571wSalFS7nq4ar7Wmp9yrLMZYtzcOOHHof8ACjR7wWmqwyMcI/7tj6A9P1xTbqFmBeIZcDBX++P8fSsU3GxjnlDxzXz1alPCV41YbJ/0j1qSVam4Pc9OuGITIrBnuFBk3xFpCMIwP3TVfRfEcdwi2d0/70cIzH74/wAf51qPDDK2QRX1VKtGtBTg9GcMIeyfLURRtZpTtznIPPvXQ2zFk5qlBZqDkEVoRqFXFaxRniJxlsPoqtdXsNo0IlbaJX2Ak4ANSm4hAyZFx9aq5zWZR13QdO8SaXJp+pwCWB+nZkPqp7GsfQvC+keGIV0vSISo3CW5mc7ncj7oJ+vOPQH1rUfV0vC8OnSxyMrbJJQciM+nufaltVW3UgEtkkknksfUmhSHyvqa8LZXv6VKTxVaFiQCKsMM4zXZB6GMircDrkday5hycmtW4YIOenv2rKkcOeD9M1rExkU2Bz/SktMCe5X12t+Yx/7LTmHzYB7461Ch8u9jb+GRSh+vUf1/OvMzyk6uBnbpr93/AADTDStVRiarEUumPrzXL6xHvtZRjkDcPqOa7vV4BJFuH3lritSIXcDX5/g6j5k1uj6mk+eFiv4Kt0vPFFmGwRGryfkuB+pr1eSJdpBxXhnhbV5dN8UWDxRPNuJiKRrliGGOB7cH8K9me7uSmWtXHsWGf516Gce7VTktGtPxPNcXzFEvHYapxgJMoH+6Rk4HtyautdRshbcMCuc1C4M027kFT0PUVViug8qRSuPL3fOCeorx5U51FzN/1/wx2ewSimbdvJPcX32mKBni2FAxO0HkdPXp1q6XmRC8kaKFGeHJ/pU8MyPCrRkFCOCOlZmu6nDpumu8hyz/AComeWNejgc5xlL2eFoNJX7Xer1OCrh4VG5yWpcub+30+MSTNz/Co6t9K5vUvFNzcZSJvKixjah6j3Pf+Vc1c6nPeTNNM+Xb/OB7VUkuSTtGSx4AHevtMRi5T0WiMaOGUNXqy7cXzN1biqSJPevthHy93PQVZtdNedg9x0/uD+tb1raZKxxqPQAV4GJzKFO8aer7npU8O3rMm8MaKi31tGBuLygsx/iA5P6A16zXJ+HrIJqYPUQwkn6k4H6Bq6yvXyFOWF9tLebb/Q8zGzUqllsgqGe6ityokLZbOMKT/KpqparZteWLpE22dfnib0YdPz6fjXtnJGzeo/8AtKzH3riND6Odp/Woru4ikh/dyow9VYGuGh8UTxqovLduerJ698g1cTUtLvOS0IY9pE2n9a5aeMw9bSE1ft1O5YKUXe5shojGztzIxIHsv/1/8KrGdA2MADOOvP5elVGtrYjKxRY9QoqBraLsmPoSK6JRdkoux1wo2WjNJ5EJO3p71BIwqj5JX7ksq/8AAt3880F50++okHqnB/KrN1CxI7gVWknx3pkkyspKtn19qqATXLssEbyMBkhRnArKpUUFduyOiKSV3sTQob29itgceY2CfQdT+gNdDcW8Eg8p4kaMDAUjIArndKW5ttWhmntpkiUMGdkOF+U107lJFDowZTyCDkGvhuI67qzi6crqPZ9TlryvUVtjNlthaR7kJMKjkHkqPb2rRtLBRCJJhmQ8hT0X/wCvVG9uEjSNNwyzrkD0zk1prcBo8ggg1xUs2rPD+yrSvv6swqRloZ0kAgu4yB+63ZH+ycHH4ZqSZ+KL5gLSVj2UnNQs24ZNfUcM42eJw8oT+w9/J7fka049SrdSCKCSQnhQTWNYqd0YPXjNWtbnCW6wg/NI2Pw70zTo90i1ycTVleNPtdnWtFc7rw/8tnMSePN/9lWn3NxHaTmUnEEhxJ/sn+99PX8/Wm6YhXSdwHzO7HH0OP6VlXjvvdX/AA5r2cF7mCpRf8q/I+ZxFS1RtdzmtXtV06+kt8fu2+eJuzL/APW6Vl29u19qNvaxAlpJADjsM8n8BmumkWKSD7PcQie2Byq/xRn/AGT/AE//AFVNpq2OmlmtIF3EYL5LNj3zyKTSvc93DZsp0HBL3rHYbgR1qGWIOOTWQNUQjrTX1UAcGtOdHmqjNPQtTWiMaqtbpGe1VX1J26GsPVvFdnpysHl82btFGcn8fSolOK1N3N0o803ZGzqGrwaXZyXEzYVBwB1J7AV5NfajNq2pyXEmS8j5IH6D8BUesa9davcBp22rnEcS9B/ifeq9vdw20yxhWlmY4OzovtXFUbruy+FHHQwc84rLpRi9X3fl/Wm77HV2+s3Npapb2yRRxoMcrkn1J5qVPEN8p+byXHoUIP5g1k7gOpFRPOAcA1q5cqPtFkmAUOX2at8zp4/ETtgNZjJOBtlzn9K3kJKKSNpIzjOcVgaFpbJtvLlfnxmND29zXQr9cfSnR9o1eZ8Pmiwka3s8KtFu7t3/AOGJV5GBycda0rRfLKnA647VmISMdauR3SwK00h2pGMkn0rqg0tWcETdFwsGC/3jxgdTXOa54oeANFG+z1C9fzrIvtdmkkZg+1j/AHew9BXN3czTS7pGLZPJJrxcXmVWq3Gm7R/FnDisfaPLT+8S91KS4Yknj0FYl7IdhJNX50UOTHny88E1k3rbmWMetcFPWR40XKc7s7n4e7hpN4WJCGUD9Of6V0cgG4kevesjwzatZeHoARgzZkP49P0ArUJ969mLtBI+6wNNwoRT7CVi67DAkBmBKTkZwOjY9f8AH+dbVc14qDwpHcJIAWGwoe+Mn+v8qlwU1ytHq4OHPXjG9jjpfElm4KmXy2z/ABcD8DWrYeM9Utoxsb7VEOm8Fj+Y/wDr1zd1dRW7bltofM/2YxTrE3epsXnkKWq9UXjf+PpTpYaNLWDaPaqYOM58snf5fqd1afElJdym0m8xMbljYNj35xVmf4l21s/lyrdxtgH7gI56c5rzE3zjUVazQRQrlBtXr7mrbNK07G4hLpIvl/MvOQf0rqcmkYPL8PZ66o3de1e/8VX8EMJcpKwjhRzxg9WOD1/oK73SvCen6dZrC3mXJK7WaZyw98DoK888OWVzqviuFbaUxrb4keXgbVGBx+eP8a9iwPTj60qd2rvqeLiLRsonmVlLJ4K8crp/mE2F0QCDxw3Ab8D/AFr1XoBgjFeY/E1IiNPu43UyozIdrcjGCB/P866iTxTb2Xh+1vZm8yWSBXCZ6nHf8aqElG6MazXIqjO0syRhTV4j3rxIfFLxD/aUVvZ6ZZlpXCJG6OWYk4AzuFe1QeabeMzhRLtG/Z0z3x7V34epGcfdPOVSNR+6V7o7VzWQ3yv1OK2Lk8HNZM7Lux2z+tdkTOZVYnJ4qCVTIhUHB4Ib0I6H86nfls8fSmd8n9apxUk09mQnZ3RlanqflWzq8eJwp+Qng/Q+leb3mrzTB90PzEHGz1969N1RoPs3lzpFIzZ2LJ0HvXnv9jyj7Q8MLOIwZJCoyFFfJyyWhhasuV3vr5o9zDYuThe1v1N74T6VZpBeanMN98H8lQR/q1wDkfXP6V6Dcba8e0vWbvw/fG4tkEkTjbLCTjcP6Guqb4i6c0O5oLpZMf6spk/mOK8nNKFepJ8sOa5UYXle5rXtuk18EUAFutaUFnHbQqkahVH6+9eb2/jSca+txd25hsHG0E8sp9Tjt2rv4NWsrmATR3MbRkZ3BhivDxeEr4dRjNaWOmUuZJLoNvYJYh59odrZ/eqOjD1+o/UfhXmuq6nLqmpySM+6OMlI+cjAPX8f8K6Pxd4whhs2stLnWS4k+V5EORGvfn1rhUuFhg9W6AV7uS4SUaftasdenexk77Iu5ZmVEGXboK3NP0xYhvf5pD1b/CqGkW3PmSf6xuvt7V0sa8AKKWPxbk+SOx2UaKgrvcEQDAUVvaXZeUvmuPmPSodP045Eso+grbt7Zr6f7PHkRr/rXH8I9B7n9OvpXiwp1MXVWHo6tmeIrqMTT0CEi3luSP8AXN8v+6OB+uT+Na9NjRY41RFCqowAOwp1fp+GoRw9GNGO0VY+fnJyk5MKKKK3JOQ1nSIvtsi7AEkzIv49f15/GuYu9Me2Y4GV9a9Mv7X7VBgYEinchPr6fQ1z81usyEFcEcEHqD6V8HneBqYXEOtD4Ja+j6/5nq4TE+7yvocVHujOUZoz/skj+VWF1G8i6uJR6OP6itG700oSVHFZskJXqK4sPmNel/Dm1/XY9OLjIu2+rQTMEkzDIezHg/Q1frmZYQQQRSW2qTae4STMtv6d1+n+FfUYDPVUahX0ff8AzBxsbd7aeaheP5ZAOo71N4QdTLfCUhJAqjB/HpToJ4rmFZYnDow4IrL1B20+6S9h4YH5h/eHcGvSzGjKth5Knv8AmROPtIOCOslxvOK5q7D2124icqjHJUHgGtBdatJLdZUZjuGQMVnS+bO5l8p9p6EqcV+ZwjNTk5KxFGDT1IgSx5OauQXckA9R6VVEZB6Vsada7V81hyRxntRVlFLU3quKjqY9/q73H7jaUB+9kEZHfrVldTiMeWPNa93bxXMRjmQMvv2+lcLqySWN40UTM6Y4YjofQ19Rw5mFCMJUYxtLd9b/AOViKLhLRqw+5uTe6mTnKpwPrXSaZDtTeRnA6Vy+lQszgtySck16JoFj52yVl/dIc5/vMP8ACuHEQqZljeSPV/cjPE1VTg2bcUf2ayhhOMhQCffvWdqNujLlOo5rZmQMvTJrLvpFjhbC5JHWvupxUY8vRHzVTXVnPSAZ9ffNch4o12S0tn+zQbmUkbwuWBBwSPT6110nzH72fYdq4XxJcKuslbcAOqAsezH/AD/KuCTsduSYenXxXJON9G/+HOWg8ZavCig3UpOP+Wg3H9anbx3qjDH2gD6Rr/hWh/aVqw2zW5D9wFzUck1oo3G3Cg9AVGT9BWHL5nq/6t1W3bENfJ/5mPceKdRuxte4uHB/hU4B/AVS828lBEVvt/2m5ro41aT5hEsMfuOapXs8rgw2ykD+KQ9hS9nFvXU0jwrQXv16kp/18zEjw/mxvK63Kj5ZOuSe2Py6Vrafa3EcalYgjY+83Jqjp1nI9080I/1eNgb+Mc5P1zXTQT+YNrIUf0IrRtbI9zL4UnTTp/CtFbbR2KTxXHVpF/75/wDr1p6HJY29yH1CNmIPysOUHuR1/nUE/WoRntWNSTjqjpxOHVek6bbV+zPTI3SRFdGDKwyCDkGnAHpnivPre+uoEWFJ3WEn7oOMGtW3vlxhx+dYVcwVP7LZ+VZqpZdiXQqK/VPujskXPUH1rD8VXZs7OGINjc29gP8AZxx+ZH5VFBqRhOYZmHsx3D8jWV4t1EXemxs0e2aMkZXlSD/LoKFj6Vem4LSXmcLxdOrBxi7Mxf7ZLMc1LHeiVsZrlxdqTjvVuKQjoTg1yzo2RxVKVkdBLcKsLDOaraNYNrGsRW+7aHbLH0UcnH4Vns8kqgZCJ7969F8BeG7iANql1EYgy7IFkGGIPVsdvQfU1phaDlOxrgsM6lVK2nX0OimSNcKihUUBQo7VCwwanuY9krfNn3FQt6V3T3Z9rHYbjiuI8UXanUWRzxHjHtxmu6kk8wqdirhQvyjGff6155qNk2s+KZ7ckiFGJlI9Bxj8aic404ucnoj08rajVc5dEY1tpr6vI9wy7LSPJ6fex3rSayKW62kKfOy4wPU9a6O4gjtrJIIlCoWVcD0HP9Ko2pDX8ik4LRnH5issBWlieao9r2XyPSVeUYzr9UTeB9Fsop5LuUxymA+XHgZAcdT7nt+dW/GdvbXOmNesqrOjgbh1Iz3qrDavpm4WUhijdizKRkFu5rH8S3V8tkvnTqYmcD5EOR39favXk4qm4pHmuoqjdSctf60J/h8dOS71E3xjDBl2BzjPXOfX6Emum1PTodVMUmn3cdmuSoZUB8w46Ae3rXl+g2N1rUt9HDMkaKqq7GLg8nA9q7jSotU07TUsRNBIItwSRojkZ/H3rzMXha6hGrh6l5fy7W+ezOSCUqj5lZdzjvEcco1L7Km+eZUHCRnOR14rMXUJ7d44jlvK+6h4wfoa7JPDd8t491/arrK4wxWPHHPHXpzVA+B7dJvP+0TMW4YAADH610QpNw5ZrXuTi8uw0qbVGr1vaz7a6iaFqf8AZt8NTws98nKkRFwn07D61614O8f2Pih2s2U2+oRqWMR6OB3U/wBK8wj8Ji3Ysl1L5fYH/Gup8GeCLOa8XV4J7m2urWVWjdWyrjncCD1BHHHrXRhvaxly9DyHh61ON5Wt5Hpd2pcHArEkLKxyBmuhkXeMVhXilZTyTXrwZjNFbgg9TTTgZNHOScHNVtRlkg024ki/1ojPlj1bHH61Zmcr4p8XeHdBmH2uKbUdRYZFrFJtWNe249s9ccnmtjwl4r0/xzoGoafZ2QsJVjKGLjAJHB46/wD1q5/4daXoENvd3/iFrOW4vXLwvdurfJ756GtT4bWGmR+LPFFzpGPsAkjSEr93HzE49q86cU7y6nopcsbM5C8hkhupIp4/LlRtrpjGCKq969r1zwrpuu/POjR3AGBNHw349jXJS/DC43/utTjK/wC3EQf0NcMqMk9DeNaLWpwBUMMMAR71LZ+G5dQgurm3tiYbdDJK/QDHb3PtXfnwNpOh2M2o63qDSQQLvcKPLXHv1J/DFVtL+K/gttumLm0tWygLwlY8Hjn0z6mnCg+o3V09087ltUETbBz1qlAp+1jePu8gH1rsPEWhPo14DGfNsZ/nt51OVZeuM+v/AOusNokYEEDmsJxesWdFOrbVGppLmZ9qgHB6jpXb2EFvbxiWZhn3rnPBOnQ3kdxHNJIrQsMeXgZBz6g+lek6fplraFJIoFaQfxyHcw/E9Pwrz5ZBVxUubmUYP5v+vmFfMYx9zdkFnYXV9g7Wt7f++ww7f7oPT6n8q6G2tYrSBYoUCqP1PqfU0+M7kB9afXvYDLMPgY8tJavd9WeXUqyqO7CiiivQMwooooAKw72J21AtCPmMZLJ034I/Xn/PbcrHvGMd9bv23lTz2IP9cVz4qjCtScJq6ZpTbTuigyxzpkfQjuDWdcWAOcCtWC3W7ubllcxyjadw5B69R36VDcs1owW6Aj3dHzlD+Pb8a+BzHKauHvUhrH+tz0aVazt1OcnsGGcCsW9t2AIIruWVWGeCDWfeWcMqHOM15VLEuMrM7oVu5w1lqE2mXJAY+Sx+Ze31q9qd49zAR2IpbrT7cTssxkCn7rRjOD7jv+FEWnyLBsZg6g/Kw7ivu8qq1KlBK94/l5M6abVzV8HaOI7P7bcyNIZGzFEzZVAO+PUnNdS4Q8YGK5HTZp9OQx8vCTnA6r9K1f7ZgVMmQA+h4P5V8tm+Cxaryco3TejSOSpSlztj9VaG2RCSq565q9aXcUtuuGXIHIrmp1n1u5GVZLZeSWGN1SjQ/L/1N1Ki+ma7MPw1XrYdTb5Zdn2NHTTilJ6m1e38MERYtk9gOpPtXPrbPciR5VyZCSRV6DTI4jud2kb1Y5q4FUDAFfQ5TkcMBFuT5pP8hwtDYg8K6DbXNzMLq5kcxEMsA+UMvqSOTz2/xr0KONIkCIoVVGAoGAK4O1lNjqtvcrwu8K/+6eD/AI/hXeqcqM161KhTpXUIpeh4+YKSqXb0YEZGKxr9CHZDyuMmtqs/UIPMR2JAAXuKqoro8+aujmZYwhOec8V55q0RkljuByzDJPuef616I5Hmdfboa4nV4Tb3Dxdh8y/7p6f4fhXm1Fc9jhupGOJlF7taGN0GERd/94jgUxLZFcyN88h6s1TEgDJ4qhc35BMcC7m7k9BWLaSuz7HFYmhhabrV5WSLM5QLmV8KO2azZJReyC3gG2HPzEd6i+yy3L7pnLe3atS0tVhXgVxVsUkrRPgM54wdWnKjhI2T0u9/l2AxrblHVPkUbWC9cVb3QmATRuroehFNqjNZukhktm2lvvKehrHC4pRXJM87h3iZ4BLD4jWnffqr/oOmk3MaassaDMkir7E1A8N2/AiCe+7NOh005zIea6amJppb3PqMw4zwlFWwvvv7l/m/61LImimQrHuJ9QOlWkdioJGCRyPSoY7dIvu1ctEhkvIkuJDHCzAOw7CvNxFf2nTY+DzXOa2b1IKpGKa0TV1v3u2MEhHenO/nRMj85HetrWdP0i3tBLZXSmXIxGsgfcP6VgA4rkpzVRcyPMxWGnhqnJJpvydzATwzqGoajJBpkPnOFMgjDANjvjPXrWla+DvEZYRtpF9u7/u8D8zxVpL+TSNVtNSiJDQShiB3HcfiMivoGGRJoI5UOUdQyn1Br6XA0oYql7z1R6+DhHE0ryeqPJtC+GN48iXGqbbVFIOwNvkP9F+vNehNZxW9pHBDlI4gFQZzgD3rYkHy1m3UhVfrxXoLDU6MWonrYahCj8Bj3KZJP8XX61WjaPY4kQnIwrZ4U+tX59hDY2j0z3qNojbROCS3fAQ7T6jPeuOUdbnoqWhlTyiC3lmYEiNCx/AZrmNADz21xfyriS5mZunYEj+efzrstVh8xDGFO2RPLXj+8SAPyIrIe2S0hS3jGFjXaK8fNpclL2fc9DCSVmUNQXNtvH8DBvw6H9CaPD8FlfX11aTlTLhNvHzAHOcenOCT7VYkQSRMhHDAg1zcegv9oeR5C0hzh8Ywfb9K58qx9PDwaqd/zO+a56Mqd7XOqu/DV5JGwt5z5Q+YNIvBHruBxXL+JNKvLaxklnUS2yYG0xMysSMjnOBx6itC38T6pY7PLlR1PEgkXLE9CCwIOeP0qDXNeuNX0v7LISse9WI3MxJ4HU+2eB6mvpXiKEo6bnkxhXTV9jO8H2V7cwXE1na7IoiPOG0IAeuSd3pntXWnSNV8zBtce2T/AIVzuha1/Y77Ps4liPJzg8jcAeev3zkcdua23+IUsYEKadGtoq4B84rITnOcgYH5U4V6HKrysE41uZ8sdC3DpGpzqGS3UqRwwY4P6VPF4eu5pTF5kaMv3lI57H19x+dYj/Ee/CotjaW8eCDIZBu3YGMADGB+dVLnx7qrQhLZIbQgEbkGcAnJAGMfzqniMOupCp4h9DtrLw/aI7GdmkYDK+aQA/0HXrx0re0aPiVkUCHO1cLjOOv1wc88V4Xe65q3iK6g02W7UiWUYRECruP8RAHbk5+te+6RYQ6ZpFrZQAeXDGFBHf1P49a6MPVjUb5VojmxNOcEud6ssSfdz0rJuwDnj8a1pBlGHesedepH05FdsTgkUGHJxzTGERKLMQEMiAk9PvCpCOan0u3SQvIwDPvIyR0HYD8KKs+SIUoc0tT561TRora/lgluxEYJGjkiOQxI4DLgYYEYNe1/DPSI9D8LKr5Wa6czMrfeAwAoPvgZx712nlRkYZFP1Fcx4nXXbKe2m0HRbLUIW+WeIyeTIp7MGzjH4VxNuS0Ou6ejOpyDRVCxS7NlDJPGIJ2XLw+Z5gQ+m4YzVtXPRxg1mK3Y8u+MepSzrpfhqCUR/bZA8zE8bd2FB9s5P/AawfG3wh03w/4Rk1SyvZnuLYKZRLjbJk4OPTrT/i6kn/CXrOELmCxikVQM5AkfPFciPGniLUtOn0+9lF7ZzIY080E+WByWB9QK2itC47HYfCTU3urH/hHtWAutOuS4thJz5ciAMyD0BU7h6EGtDxl4ag8P3Fu9q7mC43YV+ShGOM9+tHgrw/LY6P4euChWaa/+0gY5CFSP1QZ/Gtv4n3Cn+zrYfe+eQ+w4A/rWOKgkrhRk3LQy/Ain7TeHttTP5tXpdiV2ndkk1wXga22WU856ySBR/wABH+JNd9aRbfTpmurCq1CNznru9Z2NGMAIMU6kXhQBS1oIKKKKACiiigArGvU33aIf4T5jewHI/XH61sE4GTWFazSXVtLKy4aQls98dh+ArKrJJGlNO5T0m4xrFxH2ZFx+bVuzwRXMLRSoGQ9Qa455jY6ok54XJRvoeh/MD866+0m+0WyS9mGRXHGzVmdNeFnzI47VbWPT7sx2kknByVDbR9OPrVGztri/mnLXM6RrgKPlJJPXOQfb860tWQrq1wGOfmyM/n/WpdIUeTIe5kOfyFZYTLsPVftakU37y116u2/Y9GDtRUupmt4ehMgeR5pSDkbmOAasfZlHBHSujjdI8EoGx2NUblEaRpMBAT0zxXqQpU6atBJLyCGIbdmZiwoOwpfIQ87FP4VqW2ly3LAsDFF3Yj5j9B/U02e0WC6khRcKDlR7H/6+aanG9kH1mLlypmeAF4AxS1OyAVGVFXc1UrjKSlIwaSgsiuFDxlD1YGu40+c3On2856yRqx+pFc5pdkLwXO/hNmwN6Mef0wPzrf0lDHpVshOSIwMio5k20eTjqik+XsXar3ShonU4OR3qxVa7QtE5B5xjFEtjznsclOmyZhjjPrXLaxZXF7fL5IzIx2Rj1HcfnmusuUMUmS3B6c1P4c0cKWv5fmaR2ZMjoCTj8P8APYV5FenObUYaamFHnjVjODs4u/8AXqeYWmlXN9q7adKrxmMnzeOVx/kUz+xmt53gdNrIcYr2x7C3ad5/JQSuAGcLywHTJrK1rw8l6ongULcKMf7wrHFYaUoe70PUzrEPMoJNWa2/X7zzJNM2jpTjZkDpXRyQvbgwzIUweQw71BJApHAFeQ6b6nx88I4u0tznWtyD0piRqsqGRSyBhuA6kd62ZoQPxrV0PwzNezCeZQkS8gMvU+/+FZeycnyxV2yaOBnVqJRWnfoYmr3Ol3EMa2Nq0UinltoUYx0681jkYre1fQrmxuZAsLGPOcAZKj+o96xG6471hCCguXXTvuRmEavtm6sUn5KyZHV+7vLW5t4IbewWB1xlw2S3tVJUZ3CIpZj0VRkmuv8ADHhSaaeO7uhtRTkDHQ/4/wAv0q40pVJqMVdhgaNas3Tgvde7tsvX/I5e8sbiwlEc6Yz91hyD9DVavarrRrG8QLLAp4x0H8uhrPTwfpKPu8kH2Krj+Vd7yvEJ2TT/AAPRq5JFyvTnZeZ5MNMn1LZHHG20ty2OMV7b4dyPD1ijHJjiEef935f6VmalZW9nabYIlT+da+iJ5ej2w9U3fmc/1r2cswzoXUnqerh8FTwtBKOrb1ZePSsnUPlPt6+la9Zl/ErtnPNehXV4m1P4jGLbxgJk8gUv2sJsTyj8v3ufzIH+NTW7xQbhIxUsfTIxVGdJFYuVdVYnDHv+NeZJuKujrVm7AjCbUIgAdmeB/uqcfyqrdxbpCafHMsF5A7uEGW5Jx/CaJrmNicMrHvjmvFzG0tzroXi7lB4tozU02mtDpUV4Qcl23fT/ADn9K0LDSpr6RZJVaKAc5PVvp/jXSTWkU1o1sVxGV2gDt6Y+lTgsqdSE5TVrqy/zJr4u0ko9DyLVLLy3adOYm5ZcfdPr+Pf86y4nUloyRtboff8AKu41LTJbGUxSrlD9xgOCP8/l+p5m68PwPKZYt0Tk5yh4/I8Vz0sTKi/Y11Zo74ONSPNBmQRg4qOQEoQOtX5NFuS2Vul/GMn+tWtL8H6lqt0I0vlSPq8nk5Cj/vquynVp1JKMHdv1Cb5FeRz0acnNQXU0UI6ZY8AKMk12t34EWy1BIm1Rp0xlwsewj26mt3TfCmjS2LKbTEiOR5wY7+x6/jXfHDTbdzCWIgkpdDkvCWnRWMv9oXO3z2H7tW5MY79+pr1fQNUiuU+yiQM6LuT3X0/D/CsOHwDppfP2q8A7qGX/AOJrf0/wxpumukkKSmReQzysf06VeCweMp4j2ras915eXocmLr4epCyvc1mGc1j3e6Nic8e1ak5IQ461lXTh1xX0UTyJGeSSf8KmsbgW15h+I5iFJ/ut2P49PyqAjnHNNYBgVOCCMEe1VOClGzM4ycXc6egnAyelYUGptbRBLhxtHCysfyDH19+9V9en/tTw/fWKl0kkjx8hw3UEgfUcV5s04OzO6nH2lmjpAQwyDke1BGRXA+ARcadcXVlJczSWgQMgmOdjZ6DPt29q70MrDhgfxqU7o0r0XRm4N3OL8ceGW1ma1v7K8+x6jaqUWTZuV0PVWHp/ia5jSvBG2ZLzXbiCS0Vv+PazhEaSt1+Y9SOOmK9OvYRIp5FYb2OZMZp+0lHY3o06c4+8zYgnguZ0lEaqI1wgx93/ACK8q8T6mdd8TSvBl41IghA/iAP9SSfxrT8TeLI7WF9J0uTzbiT5JJI+doPG1cdT2/8Ar1L4U8NPYhb++X/SSP3cX/PMe/v/ACqeSeIly/eZ1OSh7y+R0ek2Y0/T4LZQCUX5m9W6k/nmt20ZzL1wOlZa9f51oWZJkxj5c+terZJWR5ak27s21GAOaWmqMYp1ZGwUUUUAFFFFAEF6xSynYdQhx9cVEkKxptAwOlOv+bdV/vSIP/Hhn9KSZxHEzegrnrbouBxmsxifUmtl6Oyxn8Tj+tdnFGIolRRgAYrjbc+brMMjd5wx/wC+gP612tc8Fpc6sQ2rR8jC8Rae8sYvIVy6DDgdx6/h/X2rB0m8UCdc8hg+PTIx/Q13dcr4h0uKyJ1K1TZ/DOi9CD/Fj6/zqqXNTqXjs91591+v3+uuGr2Xs5HQR2UPlJvUlsDd8x61JHawRNuSJQ397GT+dU5L9I4XmaQYTnaOpHtV21uIbu2juIJFkikUMrKeCDVcze5yzUlqyWql9aNcKHiIEyfdJ7+1XDSUJtO6JTad0cpPIyyFJAyuOqt1qDfmutntoblds0SOB03Dp9PSqLaFZsePNT6SH+tbqsup308ZFK0kc8TUttazXkmyBcj+Jz91f8+lb8ejWMZyYi/++xI/LpV5VVFCooVR0AGAKUq3YKmN0tBFXy003TWWIZKKcZ6s3/1zV+2i8i2iiznYgXP0FZly7XF5FBGMpGwkkPv/AAj8+fw961Uzjmil3POnfdj6ZKBtOafTJBmM/StWZnL6rt88lT+GelaelyeXZWEbMf3lspA9wBn+f6ViXpfznJJwc4yc1oOUh0Ow1Ehj9lhWTAP8JTBriT95sihrJm4RTSQMZPWo4rqKZNysCAAeD/n0piyLLelQf9WmT9Sf/rH86bt0OizQ6e1guVxNEr/Uc1nv4b01zkRFP90/41rUVEqcJ/ErhYzoNC0+3OVtwT6nvWgqhVCqAAOgFLRRCnCHwpICKa3huF2zRq47ZHT6VnzeHdOnOXiJ/wB75v8A0LNatV7i9trVC0sqqB15qKlClU1qRT9UUrvRFS30DTbY5S2XPv0/IcVpABQAAAB0ArHt/EEVzdrGkLiAnHnNwCe34e9bQ5qqVOnBWppL0CScdGJRTsUxzgE1q1Ym5zniO6MVu23lsfKPU9q2tDuxdaXCGwJYkCSKOxA/ka5TWZfNvgueAalsL2SyuBMnPGHX+8KwjX9nU12Z2To81JW3R3FZd6WaRVTHPWpbfWbK5wqy7HPG2T5Tn+R/Cq94AJg2SMHNddWalC8Xc4oxalZlCWFVLc4I5qgzOQELEqucDPA+laUvKHB6HA96pIVWX94vGOOM4/CvOqLU6ovQbYwxzanAksauh3DDDPO010MOnWcLApbxhs8EjOPzrIgd/t1o8jqUD4UqeGJBHT8a3J9wiZk+8oyK0pU4Wu1doyqN3JSKSoLG+h1C0SeI8Hg/XvVjHvXS12MiKaGK4jMcqK6HsRWNP4Ws5GLRSSR5/hzkf4/rW7RWFbD0q38SKZcZyjrF2MCLwnZK2ZXkkH93oD/M/rUOpX6aNsS3VIo8kHjpwTn9K6QnAJriNcjW/vIYX5XzMkeuAazjQpUV+7ikdFJyqS993JdIikvo59Rnzh/u59O1aejKPsbOP4pX7+hI/pUd7cR6fpSwJy23JAqzZxG1s4YifmVRu+vU/rWkdGFWTaNOBiuMn8aszXUNrbtNPKscaDJZjxWf5saRGR2AVOST6V5/4n12S9l2klYk/wBXFnhfc+/8v57SrqnHuzCNLnZtat8QI43KWFtvA/5aTEgH6KOf5VzzePNQEpaSK1ZfQKw/XJrk57nJJJNZN1dFjtAbJOAByT+Fc/1mq3ozoWHp9UeraZ4w07Uplgk/0e4bhVdsqx9m/wAcVunivCE02+kw7sIV/wBrk/lXUw+LdXtbWKA3SuY1272jBY/U110sckrVDmq4O7/dnR+LbmWGSFXyLaRSqntv7g++MY+hrlbTWda0ZDHEwv7QH5I5TiSMeit6exqS+1y98QWH2G4EWzer+aFwQR0qERlIwjNkgda5q9VSnzRejPqMpwcauEUK0bWbs1+ZfXx3LLE+YWtnTr554H0x1pyeNtWktxLavDLGTt3oTwfpWDdpxkcg9e9R6fIIpZY+gZd2PcH/AOvWPMdyyyjFJNXNt/Eev3LZbUHjx/CgAFZ2va94hnskiF0TGTtk2Daxz6kdvpiphIpyR2JFR3G2SJ0buCKXMzaeX4eUOVRt6HV+AtGs4NIj1BrfN4xYeY/OADj5fSuyAz71V04RLplt5CKkRiUqq9ACM1bXHUivepwUIJI/OcRPnqyktFf7vIUYOQcitCzI83kDPbNUFBxnsKvW6kkcnnqBVMzjubCsDjHSn1DCm3p07VNWJsgooooGFFFFAFS9/wBZaj1l/wDZWNVtUfZYyY7jFWbvm4tB6Ox/8dP+NUtX/wCPM/WuatubUVeSOagHl+ZNjJjKn/vk7q7YYZQQcg1x9sAYnPrIf04/pW1pl+qWKQyk74v3efUDp+mKhWWh0YiLk7o1TxVC+eJ3W2kClZQUZT3B7U251OOOItu6VzQ1J7nV7RmzgzAfkCf6VnKS6E06TerILlJ7Kb7JOSdowjH+Je34+tWNO0y7SSSbStTeyMjbmhaMSwknqdpIIP0IrpNU0+K/t8MMOOQw6g1yttrT6JdmG/QlAeJUGQR7jtU/CzpVT21LltqjoLWy14zg3mqWxiB6QWxUsPqzHFbdV7K8g1C0jubeQPFIMgj+VWcVqkcDb6iVG8qoOtPYZFVJ7eR87aTuEbPcbJfKtUp9TYfLHjeentSSaZO5+8aoTWclldRF+VfIz79f6GpV29TqhCn3NvTUZVwMkn5nLdWNa4GBWfZMMKeMnsK0RXbDY46j94KimkCRsfapaz75WHzDOO/vTk7Iybsjnbxi0zkcfStrRWD6LbL1Cp5f/fJK/wBKyLhGDNwQPyrS0FsWs8OeY5jx7MA38ya4luzOi/eZjXEM2kXE++QLDMxSJS38Oc49jzWv4f3PHcyuSWaQDPsFB/rUHiaISW8ZZQwB6EZqbwuqjTJAgAAmIwPotKK9+x6U3ekmbJFNJCjJOBTnYKCSelc3rGsDJhibCr95qc5KOplTg5uyNO/1OG3s5XVxvCnH17frWe/iDyoVBTBAAZ2OATWFl58F2ZV/u5x+dIIY1bcEGfU8n86xc5PYzliaMHZK5en1y7uARCMD+8eB/iahs4Unvk+2uZS/Clvuq3bA/wAc9qi60pXIx/Kkn3Od4ypzXWi8jql06LYVZQVIwRViCUwBYZ2yw4Rz/GP8f8/TJs9ZzbeVcsBMvAkPAf6+h/z7VTv9UmQtE6cHsRwa25lE7IJ19Uzp2uEXqcfWqF7qkMUDYYZx61zUWp3Y+UnzE/uyHkfRuv55qG42TsSY5l9htI/mKTqXOiOHs/eIDM1xcNIecmrK57Ve03QnvbUSwyIikkfP1BHqB/jWhaaSYLjybjbuA3Ajow9RUOjJq7Whs8RTjpcwJwxhYY6jFdFpsxvdKgeT5pACjk9cg4z/AFqxf6fFJaMFQBgOMVm6BJskubduOjj69D/SinHknbuY1JqpDmXQnmYB8E8rVWUYXLAqTyAR1qe7z5rZBDfpUUcc108YYsyAhc5zgVnLV2JWiuVnnZEjYDiFg498EE/yrrhh1BByCODXOy28Ss74yCoO0Hhcj/HtWpo03m6aiH70J8o/h0/QitaCavFmdXWzRkahaXel3LXencpjm3xhW6dPQ4GKbB4sjDvFOjRuvZhjHGT+ldHMgeMgiuP1mKJ/3bD5WZc447iqldGlLlqaSRvaXrkWpXLwoMMoJ6+hrWrkNCSOPWYvLQLuV84GM9K7Aiqg21czrRUJ2RDcNst3b0FcHfXBGobl6ov8z/8AWNdhrM/k2Z55NcWkfnSSSnozYH0HH881nUep0YWOly/pyPd3ySTZKRYkbPr/AAj9M/gK3ZHzxnvWVph8uSSPH3/mB+gxj/PvUGveIbXRoQHkVrlhlI8/qfQVEZe6TUTc7E2q6nDFIbVmICJuYL/e/hz+p/AV59qSvu3N0bkH1qve+I0Ys8kmSxyzHuaoRapdatcQ2tsjSM52xJ6k/wBKyd5O5rGFlYr3TMXWGPmRzgD/AD2rb06xtLS1B8sPddWlPU+wHYVpw6GfDW671OxW/FxEQWXpF9Pb3+lX9FXQrjR9tw6Ldc+YXfaR6Ee1cuIxKoRcnFu3YL30RzN4cqcVz87NvIrfnAZmCncAeD61Ra1R2+YV0XKi7FGzvTbs8cn+qYgluwPvWukodQcgj1BzVaWGExeWqgL6Vkz209mwe3mKKWwRngVSaeh7GBzL2aVKa0Na7I2EkfjWTHMFvU9Nrf0pkt3f5CFEYNjDdDz0qmRO584kKVyMewP/AOqqUGetUxMehviYc4aka4BBOc4z/KsdXuFwrY3Zx+uP8a0fC9tLf+IrCGVWeIyK7qo/hHPPtnGfanGm5NImtjo06bnbZHtFhA0Gn2sJBBjiRD9QMVZXjPBxSZ/pSg+vP1r3z80bu7seoycAc5q5bK2RjPT1qogJIwOtadpGxAyBgipY4o0IAfLGTk1LSKMKBS1kbhRRRQAUUUUAcz4z10+HLSy1Aw+aguPLdc4OCrdPfiuY1r4naPHaKjwXQkbDBQgPB981rfFaEyeC3kAz5U6Of1H9a8H1ubzYon/uqo/Ks5wT1ZpTlZo9u0K/XU9EhvkQxrMzsFJyR85q04YyKFyN4P6dP61z/wAObhbnwbEoOTDK6EfU5/rXWWcSyXwVsZMbBfbkVzzW53c2lzFnWVjtdiRTPsayNHkspQEgq2CCe/8AOte/sWjZjjiqIO2Zf9pcfiP/ANdc8VrqbqScdCaO61C3wsVwHjHZ+CT9cc1yninxDJZ3MkMlpHLIYRIr78cc5AGPUV1IzXF+PrbAsr4DKgtDIfryP5Gt4RTdmY1bxjzRG+AviC324aZcIsAnf/R3UFhuP8LjvnsRj8unqia9EhC3MbIf7y/Mv+P6V83eHJ49O8U2Es6gxRXK7s9hnGfwzn8K+lJdKhki4HOKc04v3TmXI9ZliPVLGbhLqLPoWwfyNVNd0+DWtImsmvprTzBlZ7abY6EdCCD+lc9eWr28pQjJByufWhY4ZEDBEIYZ5FRGTZq8Mt0zmtH0HxPouqZvfiErWUb8RhvPkkX02tnb+tdleakNWdIoEPkqwYu3BPpj0rB0rSURC3BOOnv361uRhVb5UHTIIGAOv+FfIZjn1WXNSpq3S/U3WHhDW92XdLvvskqw3IKxfwSk/wA/8a6UetcZdsy2oLMQccgZzXW2RJsYCwwTGuR6cV7PDmY1cXTlCrq421OTFU0rSXUnPSoZdrpg45qaoJW2qcV9IzjZh3kYUnaOeeelQ6RL5GqmM8LOmB9VyR+hb8hVq5G7dkAVmygo6yrwyNkN6EVxy0lcxvyyubGsw+dp8mByBmq/hoY0+XHUzH/0Fa0Y5kvtPSZVwJUzg9vas7w+di3UHdJM/mMf0qWvePRUr0mvMk1XzEgZ8nFckpWa5cEZERH4t1/Su11UD7BJXHWVuZJbghgMy4Gf90VjNXnYmtNrDu3V2JOhpKKlht5JtxXCqv3mY4ApbnkEY604DkZFLNF5LgZDAqCCO+RTc9KBjgOemQKekakBdzgf3Q3H5dBSxpuPFWFiIb+mKtJlxcou6Zd0uG2l/czRL5qjKt/fH+NS6rpqfZ/MiXBXsKrIjIVZCBIp3Kfet2ORbq2DAcMMEeh7itOVNHfRry3bMbwxPtuJ7c9HG8D3HB/TH5Vu3kLSQ7o/9dGd6c9T6fQ9K5hQdL1yNjwm/n6Hg/zz+FdgOla4aV4OL6GmIXv8y6lSN0uIFkT7rjPP8q554zY64jDhZCUP49P1xW7GPIvZYP4JP3qf+zD88H/gVUNegY2omj+/GQQfQ9v1rOtG2vYKT15e5UncvKcgfnSRtsbO4he4HOamlZZxHPGMJIoYc9jURViBhSc8DA6n/OK5pJqRqnoLJdER/u/kJPQDp9KfpEvk6g0bHidf/Hl/+sT+VCxIoVghJwTkkcED0qqXaKaOZV3SK4IUdWJOMfjnH4002pJsTSaaOmcZU/SuI1XLXYUcnzBXbn/V59RXF3CmTVlUdnJP4Ka1qFYZ2uO0eUJrNmDwXdk/8cY/0rtT0rz+JjFfQTjjyJPNP0Bwf0Y12NxqUUMJO75h2p05JRDERcqmhheJrza5QH7gz+NQTWJs7NB12qAT6n1qndyNdX6yP9wls/8AfJx+tdJrEYWwz6Cote7NebkcYGRpfz3K5GcIx/lV690ix1MKl5aQT4OAZEyR+PaqWjj5pWPQKo/mT/SthW5Ht6CpppWM6z99mXH4E8Mz4WXSLZivcAg/oav6ZoGlWpaaw0+3t05SNkQZI6Ek9Tn+X1q9ITFp87oSHK7UJ/vHgfqRV5Y0hhSNBhUAUD2rq5fdOZyd9ynqESHTZVKg7UJBx9046ivDbyZ5b64kZdrNIxK+nPSvfXUOhRhlWGCPUV5j4i8E3ovpLiyTfG5yRyefXgfn/nHDiE1JStobUZJN3ONWStrU/Dk9hp4vPPiljwN23tn09RU9j4H1W6lUSJ5aHqSDwPxAFZWswNY6hLZqziJNuELEjOBn9c1w1HUlUioOy66b7dToUk9jOPWkdFdSrAFT1BpaK6RlT+zoMY+bjp83Sg6bHsyA+0HGSTj1x+lX4YJbiVYoULu3QCu6k8Gyx+EyP+WxPmsD644P06j8c1E6slpHXv5LuN1Wt2eYS2GBuDE855NdV8OJFg1S8tzgGWEEE/7J6fr+lY7oyOyOpVlOCpGCDTtOu/7J1e1vgSFSQb/908H9K6aFXlqKQq16lNxZ7AR60g9P605GDoCpBB5yO9JtINe+eCTRYPXtWpanKqv86yohz1GAa17eMOgOMEVEi4F4dKWmoMKBTqzNgooooAKKKKAM3X9Ij17Q7vTJXMazpt3gZKnqD+YFeMXvwh8QLJ5RvbBoe0hZgcf7uP617zVO9+7gDmplsXDc4jwz4Yi8LaObRZmnldt8spXbk+w7CtWKT7PcRTk8Rvluf4Twf0Ofwq3IuTg/pVcqMEOBg8HPcVzvc7VrGxu3ECzRFcDJrkdQia1m3MDhG3fh3/TNdPpVwZrMRucyRHY3v6H8R/WodWsftMJZR8wrKa6ozoz5ZcrMHjGe1Vr+wttRtHtrmPzIn68/kQafa5VDE33ozt59O36fyqY9qE+qOxrozmbHwLo1nei6KSzuDuUTNlR+AHP416Xpdx9psIyT86DY31H+Iwfxrm16dhVzTLv7JdDef3UmFb2PY/0qr33OerTXL7vQ0NYs/OhMij5lrnYDhmj6YO4fQ/8A1812rKGBB6GuU1S1NneeYqkr1GO47ip2YYed1yMgIktyZIsuDyYyffkiorTV7S6RZ44pcM7LkofmxnOPUdakvpQNNmkQj/V8Ee4qTTYhb2NrEvRI1HHrXjYvJMPiarl8Le9jbntoT2trNq1xtkQpZqQWLggyD0H+NdfGqrGqoAFAwAO1ZljgR4wa1F6V7GXZfRwVLkpdd31Zw4iblIWq9z8q5FWKguBuUV3vY5nsZMxDPk9aoXDsFKY46kVen+VsDNUpvnBLHvXJMwkX9CcmwaI9YpGX8Cdw/nj8KjsV8jXrqPtLGGH4H/7KodOmig1BURyROu1gRj5gMj8MZ/SrN8Ps+qWd10Ut5bn2bj+eKjsztoyvGxY1X/jyauWt7gJbyouTIZG6jhQQAfqTXVaq6R6bPLK4SONSzMxwABXl3h7xTba1qN7bx4QrIWhz1dMYz9eM/jUTTvdCrv8AcWXc6aK3mlyYonfb1KjOKvw7PssMbLkEOxUjO584A+vT86q2jt5iw70WNyM+YMqD6057mRVeMMMlyTIv8XYY9qUbJXPPVlqF2oDpHkZjQKx9+4/DpUC0KucHFWGhjSKNlfe7Z3rjGMH1pb6i3JIeEBUDjrzT93tj6UyJjsOenWpTtZ8qNvA4HOTVrYpE0Z3jHp71fsmaGbaf9XL09mH+I/lVC3+XjP51rJD5sBUEB+qn0bsa2grm1Pcpa5aebAJgMleG+laOkXRu9OjZjl1Gx/qP8ev40qlbi3yy8MMMp7HoRXCaZ41sdO8ezeH2mRreUBVmB4E3p+IwPqKVNONS/RnZJqVO3VHe3y7UjuB1hbcf93o36c/hSXESzwPGejDFWyAykEZBFeQ+M7vW9Jvp9KOoXAtpV32z7sbk7qSPTp+XrW9SHMZRdjpPDeu2eqyX2nxuGexmKMN3Vc9R7ZyPwHrW+IxjZl12fMCOuec4/SvnLSNWu/DfiOK+gz97a6Z4cHqpr6GM8ksancygrnBJzz2NcsoqGjN782oxWYBgHIDdRmoet1ahTkmUkfgrH+lWQsX2Ys0hEmcBfb1qKPH9oWjHp5pH5qw/maxS1RdzSuJpY4dy9xyK5/TwZdSnZhnELnPvkV1cqAwsMdq5Szubaz1O4S4nji3wtt8xgueR61rJe8h05LkZBZLm6lb+6uPzP/1q1v7N8/S7d0JBSMKQfbj+lZGl3Ntc3F15E0coXaGKNux144rqNK50tc9mkH/jxrOmr3TKqzcZXRx8ykh1x8yn+tdVruBp+PXiueuwqag24hVLjJJwBzWv4ku44reNWdfXr19BQnaLLqa1IsraVGVsmYZ+eQn8uP6Voxpu61HaQeTaRREgFVAYjue9WkXG2qhHYwnK7bH6gfJ0hpf+ebpI30V1J/QVXfWoZZreKM/NJIAfbvWtGqy27RuAysCCD3Brz3XbK88PXQnVWktUdXikHPQ52n0Pb3roqqSSa2JoqMrp79D0IjAzSVUtb+K7sEuI2BVlByKmt5VngSRejDIqNOhFmtyWuS8T+Do9Xc3Nudk+D+NdbRWdSlGorMcZOLujxf8A4RHVTK8axbmQ4bCPx/47WlYfD7UJ2BuT5a9+Mfz5/SvRdQjlt3F9bKWdP9ZGP419Pr6f/Xq5a3EV3bpPCwZHGQRWCwt3Zyf4f5GrrStdGNovhWx0hAQoeTrkjjP9f88Ct7tilIpK6IU401aKMXJvVnJ694JtNTJlt/3UuOMcf5Ht+orz3WvBmrWlvKTCXQDO4KePrjI/Wvb8VheI52aGKxjwXuXCEdwM9f0rCWGitYu35f16G1KpK6Rznhaa5XSYLS9/4+IkABP8SDp/h+XrW+vQdKq6npZ09IrmDLCLBI9R3H4irce10DqQQQCD616uGqOUOWW6OPE01GXNHZksCsW6nk1s2oITms60UBwTkj+da6FT0rWTM4IfRRRUGgUUUUAFFFFABVW7XIzzVqo5l3JSew4uzMWZB0FVXQlhnPNaMseSBjvzUDR4GTjPasGjsjIoJeHTrg3JDGIDEqqMnb6gdyP5E1YHjLw9JA0q6nBsHXORj86ikj64rznxZoD6VPJqllHutJf+PiIfwE/xD2/lUqKejFVj9pE/iX4haZZ61bnTVNxblv8ASXAwNvouepzz+HvXW21zDe20VxbyCSGVQyMvQg14RfCIhgpyp5FeifC9b4aPcJcI4tBJm3Zu+fvY9un4k0SpqK0Ko1XJ2Z3AHFQ3byQwlo4DKem0f/Xq4B8uMc0oTbkng1Fjdu6OIk8e+ILa4a3jw8a8YZFDLjsCe/1zWJe+P9bu9Lls5JNkrOW+0sgLKP7oxgD616HqumQanYS2ky8OOGHVW7MPcV4/qVvfaTeSWl1aSkqxBZUJVvcH9awdKotVL7zzatKpTfNFnUeD/EBbRptL1BySoP2eXrvHXafx/wA8V3wvrax0qC6uX2QlF5A9RXhGnSXUN0JWnjsyuWjkkzk46AgZ69K63T9J1vxna/aI4CtnbhIVIzmZiwBGewUHkjjAoU58zsk35FqvLlfVnb3fxP0mxdI7RGuH3YkDHaAPUHmup8O+M9K8RObe2Z0uQu4xOO3qD3rF0H4YaTpzpLeD7WVUfI4+Td3OO46YH+R1uk6LZaLbGCyhVAx3O2OXPqa6qSrXvK1jC827s0Ka4yKdSEZFdQzIvEIPFZ0q7ecc1s3MRzn3rLmTn2x6da5ai1MJIrMYltiVfEpORgcgg/Lz6A8+9ab7NY0jIGC68jPKsOo/Os/yGkIEY56VQ1DWH8LQtd7FuIHcLKgYgxk8Bun0B/Cs0m9C6M3GRxOvX2oW7zabrF1cT2cpIjldycexHTIrgHtbrR9TSezkbO4GN4zzmt/x74svdTuTElvHb2rkMwU7ix7HP+FdB4U0TS7q0ttWieWUgf6qRgRHIOvb8s1pJ2haR0VpxjqtjrrCKWaCL7QQJFiDSkDgHHOB9ammhMTqS29CMqw7irVjC22RgoIYbBkjlsg4/SluXEkbMVK5kyqnr05/XFc/L7tzz7aFu3nj2sEaPy+yByhUe/r9ar3BiY8fO/dh0P6c/WqqqcdD071LGvAOPyquZtWKvdWHhdxYhNqjnA6CnjCA8danZhGjxhgVICqAc56Ek0xF3LgnrVWHYEIyMZ/Otayk5Ge/pWdHCQR6VftIysgrSne5cdzj/iJbX9ov2uG5nXTph5cyI5Ajfs2PQ/z+teI6lZvFLvBy6HIYdxX1dPbxXVvJBPGskUilXRxkMD2IrkIfhh4bivDO8U86btywSyZjX2xjJH1JrocbnQmaXga5vbzwZplxqDO1y8WSz9SMnaT+GKn8S+HrPxHpptrlSrod0Uqfejb1H+FbKqqKFUAKBgADpQehp20sLqeXaR8N7fT9SW91KdLySNsxRhNq7h0J5OT7fzrsvLLEkKcL1PpV6aPLEj17VWCsGODtzjjpXFUTb1N4uy0K23aScAk+vUe9QXGYY/Nz/q2WT/vkg/0q8UIJPqarzIHDIeQw54rJqxd7m62Cn1FeP/ENzDcRKON8Uw/Va9H03X9Nls1jkv4EnhHlzLI+0hl4PX3FcRrdppPjTW3srXVP3tqjsWgAdfmKjr0P4Gtr2kpMmHwtGJ8IpC1hqSE5bzUJ/I163pDf8S1h6SSf+hGuV8NeFLLwzayRWjSSSSsGklkIyT246CtCz8UaNYW1zBdXqwvFM6sGRuOfUCojrNtBPZHO+M7gQ2FySeXdUH55P6A1wfgWyl17xos0pZrazPnEE5AIPyj8+fwrtZV07x9LPaWN+4jg/eNKiHAY8Ac9eN1b3hLwlaeFrOaCCV55Jn3ySuACeOBgdB1/Oim7Qa6s0qu8vkdDGMjv+FW40BUdhUMaED04q3FHwta04mEmTxLsTpXlfjT4mXVrqUmn6NHAY4m2yyzJvEhHUAenavVwPkxXzp4n0HxFoV9OL3SnubMOTHdRLuBXPBJHQ/WunZGaVzS034ivHcmCW1W1jl6LEcxhj2A/hHtzXe+DvEq3M8mn3DgNktDz1XgY/A5rz34ZW+l6prt19r2gxwHy1k7MSBkfhn867a98EXNtdreaRMuUO5U7Vx1FaV4nZTkpQ5ZnoeKSuYsvE8lsVt9Xt5LebplwQp+jdK6CC+t7hQUcHNNNMxlTlHcnPNYEjHQtUVxn7FdN8y9o3Pcex7/n610HGKx/Eiq2kSE4+Uj/AApS01HS1lyvqbCsrqCpyDS1x2ma3JbwIsrbj0OfUVc1HxRFaWgkLKpPUntS9rG2pbw072RuXF5HBDPIzACJcn8s1g6WW1nVZLyaEm3iBELHjPzA8fTBrlItfn1u7e2UFYWO9ie4z/gMfjXf6GkMGmRwxYAXtmkpczKnS9lC5cuYhNbvGR1FYNouy0QEfdyv5HH9K6KWRIo2kcgKoJJ9qybaAtCuVIYjJHueTXVh1aTZxVXeNixaDB5HOO1acYGM1Uhh244P4VdUYrokRFDqKKKkoKKKKACiiigApGGRilooApyRnOaieHcp4rQKg0gQVPKWp2Mb7Md3I69MUx7MeU6uoKtwQRwRW0YVJzSmMEYI4qeQv2zOGbwhoXnef/ZNqHzkHyxjP06VeEAXG1cKOBjtXUNbx4Pyis+W0xnaMc1EoM1hWRlFcKBj9MUjIcds+1X/ALH84+Uke9TrZ/IPl/IVPIy3USMS8nistPlubgkLGMnPf2ryiHSNe8W3NzPYxO8PmfMTIEBJ9yf5V7Xf6Bb6tCsN2rNCHDFA2A2Ox9ua07WxhtIVhgjSKNBhVQYAFRPDuo9XoctaXO99Dy7SPhVGswk1LyjG4yYo2JZT6bq9N03TLbTbJLe2j2Io6k5Y+5J5NXAgBzjmnVvToxp/CZ6LYKKKK1AKKKKAGOgZazZ7f5unFatMdA/UVMo3E1cyWtsoSOo6YrN1K3F9a3FncLmOZCj/AI/1rphCMYqCW0V2yQOOlZypvoQ49j5r1mwu4bx9JuIJGu4mMaqEJLjsQO+a9K8DeF77Q9BIvlZJp38zyifuDGBn37mvThbJ94ou8DAbHOKhntizKQOBROHMip3cbHMSWroSD/8ArqSJJbhlVvmKjA9eua3zZvngADsKfDYKj7xWSou5l7MyfsThMEcfrS/ZmTJxkdq3zCuOAKZ9mVlwRx2rT2JXszF+znaCBU9tbktyDn6VopaheOoqZIgnQU1TGoFZbYdhVmOJU6VJRWqikWlYKKKKYwoPSiigCsy81GYRu3VZK80BazcblXKEsX1yKoOp3Ede1bLxndnGR1qpJalnGMYJzXPUpt7GkZHkfi60fS/EksgBW3v49w9N44YfyP41kfDOQW/ji5hY/wCtt2A9yCD/AENeveI/CsHiDSvskztG6t5kcqjlGH9Oa5zw98N7fRdXXUmvJrm5QEJ8mxRkYPHOeD61T+Dle409bnUlDjAGK8M8S3m671dQf+Xyb9GIr6JNopCnHA7CuT1H4Z+HNQ1J7iS2nUyuZJFjmIVmJyTjt+FFODg22JzTOa+EFj5Phq5u9nzz3GM4/hUD+pNekwR7sj6cU7TtJs9KsYrGygENvEMKgz9e/XmriRbCaap63E5jViHAxz9KnVQoxSAc0+t4qxm2FIQDS0VQjIuvDGjXV19rewhS5wR50Y2Pg+pHX8apvod7andp+oMQOkc44/Mf4V0dN281EqcZbouNSUdmcbfXd0E8vU7Ro8dJAMqfxFZ0beU+63cAegr0B4gzc1j3Og6bPIT9lCH1jJT+WK5p4VvWLOqni4xVpL7jIg1u5iXawLVT1PUby/j8mOPczfdjB++3YfStoeHrJBwsrcd5W/xrRsdNhgXMcSIfUDBP40RwtR/G9BSxVNO8I6nndvoHiPzQJY4FA5/1vBPvjmtOXwjHeWw/tC6lknBypjO1U+g5z9T+ld61qN2VAqlc2zIchePQCt4Yakne1zCpiqzW9vQ4SHwxe6fKTbXsTj0kjKn8xn+Va9raawCAJYEPqrMf0wK6GSz3DKryBirFtZsifNQ8JQ3t+LF9brvRv8EZsVpcyBftV60oU52gbVz2yO9bEcWAMUptx2GDU8a7V561rGMYK0TJtyd2NjTB5qUUUUDCiiigAooooAKKKKACiiigAooooAKKKKACkKg9RS0UAJtX0FLRRQAUUUUAFFFFABRRRQAUUUUAFFFFABRRRQAUUUUAFFFFABRRRQAUUUUAFFFFABRRRQAUUUUAGKMUUUAGKTaKWigBMCgKo6AUtFABijAoooAKTFLRQAgFLRRQAUUUUAFFFFABTdi5zinUUAN8tc5xTqKKACmlQadRQA3YMk4p1FFABRRRQAUUUUAFFFFABRRRQB//2Q==', '1', '2021-02-05 15:58:24');
INSERT INTO `tb_advertisement` VALUES (2, '题目二', 'data:image/jpeg;base64,/9j/4AAQSkZJRgABAQAAAQABAAD/2wBDAAgGBgcGBQgHBwcJCQgKDBQNDAsLDBkSEw8UHRofHh0aHBwgJC4nICIsIxwcKDcpLDAxNDQ0Hyc5PTgyPC4zNDL/2wBDAQkJCQwLDBgNDRgyIRwhMjIyMjIyMjIyMjIyMjIyMjIyMjIyMjIyMjIyMjIyMjIyMjIyMjIyMjIyMjIyMjIyMjL/wAARCAEsAiwDASIAAhEBAxEB/8QAHwAAAQUBAQEBAQEAAAAAAAAAAAECAwQFBgcICQoL/8QAtRAAAgEDAwIEAwUFBAQAAAF9AQIDAAQRBRIhMUEGE1FhByJxFDKBkaEII0KxwRVS0fAkM2JyggkKFhcYGRolJicoKSo0NTY3ODk6Q0RFRkdISUpTVFVWV1hZWmNkZWZnaGlqc3R1dnd4eXqDhIWGh4iJipKTlJWWl5iZmqKjpKWmp6ipqrKztLW2t7i5usLDxMXGx8jJytLT1NXW19jZ2uHi4+Tl5ufo6erx8vP09fb3+Pn6/8QAHwEAAwEBAQEBAQEBAQAAAAAAAAECAwQFBgcICQoL/8QAtREAAgECBAQDBAcFBAQAAQJ3AAECAxEEBSExBhJBUQdhcRMiMoEIFEKRobHBCSMzUvAVYnLRChYkNOEl8RcYGRomJygpKjU2Nzg5OkNERUZHSElKU1RVVldYWVpjZGVmZ2hpanN0dXZ3eHl6goOEhYaHiImKkpOUlZaXmJmaoqOkpaanqKmqsrO0tba3uLm6wsPExcbHyMnK0tPU1dbX2Nna4uPk5ebn6Onq8vP09fb3+Pn6/9oADAMBAAIRAxEAPwD3+iiigAooooAKKKKACiiigAopCwFAOaAFooozQAUUUZFABRRmigAooooAKKKKACiiigAooooAKKKM0AFFFGaACikyKb5gzigB9FIDmloAKKKKACiiigAooooAKKKaWGcUAOopuaUsB3FFwFopiuG6EVV1GZ44FETlGZtu4dRwT/Ss6tWNODqS2Q0m3Yu0Vhabrm+YWl6yrMTiN8YD+3sf51u9qVGvCtBTg7oqcJQdpBRSFgOpoDA9DWpAtFFFABRRRQAUUUUAFFFFABRSZFJuFADqKaXA60u7NAC0UUUAFFJketLQAUUUUAFFFFABRRRQAUUUUAFFFFABRmkY4FVpZ9nek3YaVydpFXvUZuARwRVCWc4zmq4nJ71DmaqkaP2gZxSi5AYc1mpIXmCbgCT1ousxsjKxw2eo5pcz3K9mr2NcTZqPzwOSayo7nKEEkj0pRNlQM8Uc4eysbCTBxSGXJ4rNikOzrT/P5xnvT5ifZ6mgslTA5rOSYbuvSrKTCqTIlEs0U1WDDinVRAUUUhbFAC0xnxSGQYqhc3BRsA9amUrCbsW2uAvWkN0ijczAAdSTWJNdiMZYk+gHUn0rI1LU2CfOwyOijoP8T7152LzGGGWur6IxnWUI8zNbV/FUNnGVgwzf3j/QVR8Ka89/qF0JnJLIG5Pof/riuCv7xppDls1oeDZmXWZiOQIDn6llrysPj61fExcnp26bHkU8dOriYpbf8A9WN4hyB1qI3IJwD+tYy3LD7tDTODggj1zXv+1PY5zcNyMcHmojMSTzWbHcErnP5U5LjI5p+0uPmNWK43HGan31jxvz1q3HMemePerjMakaCtmnVXjkGanByK0TLQtRvPHGwV2Ck+tSVia1cG1u7Zu0oKZ9xyP5mufGVpUKLqRV2v8AM0pw55cptAhhkHIpc4rnUu9p3IzRn1Q8fl0qyuquoxIokH95OD+R/wA+1cdHN6E9J+6/Pb7zSWHnE12kCiqsk3J5x+NUjfrOp8qQN6joR9R2pIQJA+T8xyFye+M/4V1uspfCSoW3Lgn55YY+tRySgDO7gVSCTF+BjqOvp/kVVZ5XIXY2WPA/z9DWUqzS2LUEa0Vyu87W4qtqEo+zOcj5CHz7A5P6ZqmI7mFuYmGPxoaX7RE6N/GCDWcqnNBwl1K5NbozNRhD7lP4GtDQ/E28/Yb9sTrxHIf+Wn196z5pPMtoZCeWQE/XHNYl9D5g3rw68g18th8fPB1dNuqPUdCNeFpbnpLTgnrQs3zda4zQtdaVUtrliWzhHPXP90+/oe/8+hScg9e9fVUcZGtFTieXUoOm+Vm0kmRzUvWs+KXcoNW4nzxXdCdzncbEtFFFaEhTGbFBeqtzNtOB1ppCbHtcBTjNNNxxwaznlLMeaVhIsauSNrgkYqrEcxcklZSM5BxmmpcknFVnlklAJ6KOeKiV8E4NOwrmk8uRxRHOV4zmqit8vUmlDfdG7b7ntSsO5pLNuUEVG0+elVEkI9aVm74pWHctCTNTI2QKpRtx1xVmNsAZNDQ0yxRSA5FLUlBRRRQAUUUUAFFFFABRRSMcA0AVZpetUZX3H/69Omcl8H15qFnwM/1rGTOmEbEbHnFN80xxui4ww5yOaQsDkfnUBb5sj6VDZslceHIfIYgg9RSSTM75dicDjJqHJJGFyT2HenxxK88aeaMsPm4+6fT3qbl2S1Y5WdSGHbvViOM3OZGcKWbj5e9TPZs0GEUDK9HXDZzVBJ5IAVRiM+mP896rbchPm+Hcl8wplc8g4PNCyZb3qo0hOOeM8806Jvzqbl8uhoKxHI9asLJUNrF5sfmOcqM4Hb8TUksRil2g8dq0V7XMHa9i9bPkYq3Wbasd/PStBTWsXoc81Zjqhmbmpqrzg4JpszZVkmI/wrMvLjCmSQ4VRkn0FXnGc5/SuV1+8xIlqMc/O/0B4/Mj9DXFiavs4Ob6HPVmoxbZHLfZLSnIJHyg/wAI/wAa53Ur0uSM1Nc3J2nmtjR/C8N1p/23UQzecMxRhiML/eOO5r5Cq5TcqszynGtjJ+zpnDyybVLGt3wQhf7ZckcMVQH8yf5iq3irw3Jp1s1xaymSBT86t95R6+4rovCOlTpoVuNoQPmRmcEZJ9B1PGPSurL6tFfvXLQvC5dWoV+Wa1NeKTayEHAB6irf2m2acs8bum0DPTJznp2FQy2UUSktI7kD1wP0qhaSb4znqpKk/Q4r08LmVLEVZUqfQ9eph50oKUupqNcwm32iDa+AA+fp/wDXqQz2vy+XCcbgWJbqOeKokjHJ/WkDrHkuQoHOelehzMxuay3MXnyMFGwrhRjGD+FPSTdzgDPSsZrsKuUXj+83A/AdaqTawsQOZj9E4H+P61yVc0oUna935Ezrwh8TOujfA5OPxqRb+2j4e5hX/ecCvN7rxADnagY+r/Mf1rEv9avPs8k0f3UGSegFZLOru0Yfic/9oKUuWnHmZ7Xb3UF3GZLeVJUB2kqcjNZfia0FzpqN3jlB/PK/1pfCtpJZ+GrFJs+c8fmyZ67m+Y/lnH4Vo3sRnspowMllOPr2/WvWr05VsNKD3a/Gx6tGbTjJ7nDWd8yym0uj+8Bwjn+L2+v86tSMV6GqOtWysUnUfK4Gf6VWttSKqIrk5HQSH+v+NfAUMR7WFpbn0Cjdc0S+8+WBOQw6MDgj8alh1R4WHnHKg5EijkfUf1FUpfUVDuIqqONq4aXuvTsOVCE1qdG108yIwlDJ1Ug5H4VD9olEflqxCg5H/wCv/PWufS5msXMkI3xE5khPQ+49D/OtiG5iuoFmhbejcADrnpj619Fh8bHEx5ovXqjhqUHS32JRPKvAkYYOcZ71LEksqSyptwh5BH3j1x+X86JbS5iPzQhv9xx/XFOt7gR2/wBnYFJCzMVPfJ/XtXNjMdGlTbjLUhLm2MWWcKXhOVKuSAwwcE5/rj8Kqt81bl7bw3Fu4kAyASrd1PqKo6fo01xZpNNcJGXUMFCbvz5FfM+2+syc9j0adWMIanPTL9mug3RH4PsexrrdIvjd221z+9jG1vf0NYes2LQRmJmDEqWVgMdP8imaHdbbmF/4ZPkYfXp+uPzr1ssxThNK+j0/y/yDEwjVp8y6HcW0pxj34rRhbpWZAO34da0oBj/9VfZUWzxJou0h6UDpQxwK7DAgkbbWfM28nIq9L8w96z5ODVozkV9jHcQOB19qMfjUjKyoG6BuKiZv85qiB247Cu7AJ5FLAoaUKVLDngGoC/viljYjkE07Bcv3KJGBsB5OM/Sq+/pzgUx2ZiWJOSe9EjIcbAQMc5weaSQ2ycyIz5RcD060eZ2NVC56cUqsc9OKLCuXFkGRgcelWVkBGPaqCtgZH0qeN6TRSZpQNlcVNVOCUE4x1q5UM0QUUUUhhRRRQAUUUUAFMkJCmn0yUZQikxoybjls5qq7kdDgVZuMEnr16VSZjkfXgVhI7ILQjDbe/Wonc9O30p7MM9c/hUBPvwKzbN0h0czwyh0OGU8HFIJWM3mk5bdu57mmE4HTrS9c5ycfpSuVZF9tRkZGRY1UNnue/XvVBjj0+tRlsH0HvRnj8O1DlcUYKOw7cTx296erY/WolUscKuT7VZlt2iTduVsNtcL/AAn0pIbstCxbXE0G50AOcA57elWEnec7mxkDGQOlUJbl52UuQSFCjtWlbXcP2dUJb7uCu3gn61rF30uYTVtbak9s2G5rTjIKjmsa3JDCtaFMKOa1gc1VE1QzVNVa4lCkjPNW9jBmbOxU5xnivPb+7Fzql1IDxv2D6Lx/PP513F1JuZwP8K4HwnZxa9qFxDPNImFaXKYyfm9/rXi5k24KK7nn4qMqlqcd2ylKwaRVY4UkAn2r1CSQbAqjCgYAHYVkTeENJjXnzpeOS0hH8sUt0JraA+VISmMYbkj8a+Qx9dwfsk9T0spwM6HM521sVtSnia4SN8NHn5x6j0q/DqMLrw4A9ziuWuJDnrSWqNczLHuIBPJ9q4fY+7vY+idGLjqb15qSPmGDMkh67QTgVWtFeKECWN1JYkllOOTWvb20NtCEiQKO/qfrVPVrpLWxd25yQAB1JzwK3y/GPDVkqavzaO/qcGJpxq0+XZLUZPcpCnzZLtwqDq3+ArPmvhF88hDuOnov0/xrOlvGBaWQ5lbrjoo9BWRcXbSsea+hxuLlUfJHb8z4zE43l0gaF3q0khPzGsyS6ZsktxUKCSd9kS7j3PYfU1rWunxxYeT95J6kcD6CvLk401qGByjF5g+d+7Hu/wBO/wCRTtrKW5IZ8pH6nqfpWudHW8ey05U+Se4QSD/YB3N+gNaOm2Rnk3sPlFbuk2gbWHnP3YE2D/ebr+QA/wC+qeXyeJxsKa2Wr+R9bDAYbL6EoU1dtWbe7OuXAAA6UtNXGMjpTq/QzhOX1GyDefbkfdOV+h5H+H4Vx88RikZGHIr0bVIgpS4HQfI/0PQ/gf5muY1nTt4M0Y5HWvznNMK8JjJJfDLVfP8A4J7OBr6crOfiuGtxtOWh9O6/T29qtEhgGUgqeQRVMjBINRiVrViR80Z5K+nuK5X7/qeja2xfqvaXJ03VoiTi2klQyDsMMOf89qmjlSVA8bBlNUdTAMPvTw1SVKomhuCqJwfU9HuJFZcj0rntXkKIrIcOpyDVTSNZnutMgTyXkmUbOP4scZz9MVFqAvmQvLDhfRTnFLFupUrJyVkefRpckrMpPqErHDOSK6KwvUks1+ZV2jGM1x5jYv061u6bon2hN08jgHoFOAKzqU42snY6qyjy6kWu3schjVTkjPPtj/8AVWHZTGKKRgeY8sPw5Fb2p+GQFaaC5fcB92TkfgR0/WuXtH81pUTq42j6kYrpw0Uo8sN00OEoOnoeqwAtyufzq8hK8nj1rLtpduABxnpmtFZQ20cZHcV97SkrHgzRoxkFARSSGiI5WnNXajnZTn+76VnMx34rRueR3/Ks6RcHrkmtUZSGOx6Z98elAgaSPehLZbbgdaYx5545q5bzZhYyBRn5BxjP+eab0JWpnzL5UrIcMR3xRFIEbcVDAdj0qSVglyGVTuUgEMM9KidzJK0hUDcecdKYh+7FMZxnjpT4kaRiqLuOM4FQufm49aYClsnB9e1OQ1GKevfFAibNSxv34qADnsPrT1OPSkUjRtueScGtBDlayIMscdK04AQuKzkaRZNRRRUlhRRRQAUUUUAFRy8LmpKhuSRHxSew1uZF4/7wEdetUD82cCrN0Tvx1qBSGyT/AD6Vzy3O+Csiq/ykjr2/WkGSpp0ykE/yqME5zzWbNlsK2Md6GOF7YPalI7Dt7UgXcMA0hkXGcCjHFLgqTyKVhgDP60hlvTHCyvGQ2WXI2nDHHOPx6VpXEp+yyFlfDKX+YBRzxtPv3rB5DZHBHNO3l2LOxZj1yeTVqdlYynT5pXJEZVZt6byQR1IwafE+HAz3qS0tRcK5L7SAAAOv1+lV1yjEeh7Utirp3RtRNv2YQKBxx3962IgAgxWJZsCq8HPrW1F9wV0wOCtoySs67QglxV9yQvFVpTmPkcY5py1RzyOeuAd5yRXm3hnUh4f8d3EE7bYnaSDPblsqf0H516RfTKqn646cmvMvFNtHc6g9yEAdgMhfbjJ/SvDzCUOXkb1OGtWjSlGb6M9RkvY3XcJFKnvms26u1nAgh+ZmPavM7XxLeWiCKaLzwOA27Dfn3rb8M+Jnu/E9pbzWwgt5Nyby2TuI4/Xj8a+RqZbWcnOTvY96jmWDcU4y1fSx0x0Zn5Y4NQPZ3GlyC4ixIo6qf88V08/7sle1Zt3MhiZT3rzvaTUuV6o9KFSUvQZFrFpJAsm4rkZ2kHNc7qWpfb9S2DiKAcD/AGj3/L+dc1deILmC8uraCGMrHK4Vzk9zWfFrD5klbhpGLEZzjNezhMu9lL2n3fM+fzXMaLpOjQd5Xs/Q6C+mVFJZgAKp29vJdEM+Ui7Du3+FV7OOW/lWafO3qi/1NdLBAFUcVriKipuy3DKsig7V8Srvov8AP/IbbwLGgCqAB0ArRtLVp5AAOKW1snncBRx610lnZpbxgAc+teRWrdFufTVKqgrII40s7UsRwoycdTVywja3gAcfvGJZ8f3j1/AdPwqugF1d7esUByx7M/Yfh1+uPSr/AEPH5V9Xw7gXSpPETWstvT/gnz+Lrc8rGlbPuHUVYqjaPhsEde9Xq+qi7owWw2RFkjZHAKsMEHuKwmiMbvbSclfusf4l7H/Gt5jhTWVqC+cgKfLKnKN/Q+xry82wMcXRsviW3+XzNqUnFnK6ppRVjJEPqK5+ZWUEEV3SXCT5ikXZMo+aMnn6j1FZ97pkNxk42t6ivganNh58s0e1RxF1aRwouXs5t6ZKk/Mvr7/Wp7i9W4jG3oRU2qaY0BIwTk4AA5NY8G9JWgdWUnlQwI+tdkFCpHnR3Ummzu/BAQ6XcDC7hOcnvjArduo0ZCpArz/SZL3TJ5Li3IO8ANG3RhWw/id3QhrOZJP9nDD8+KjEyc48sFc4auHn7VyWzI9UEVjN5jEKo+Y+wrWstVt/JX94BxXH3UV3rM374GODOSCclvrT49FEQxFcyxr/AHQTisHRgopSl7x0OlzRtI6LV9XR7doIHzJKNoI7e/4VhaFor22pIJpEaJTvRum49hj9fwqe3sY7c7sl3PVmOTVxGAOG6Vrh66w800rrqJ0bQcYnRQglhitCBj0rL0+cSKVbG9OpPcdj/n0Nblug3KRnBr7fCyjVipwejPEq3i7M0ISTGD0qQ8imJjGB0pzdK9VbHIyjeHb7n3rPVkaVQ5wp6mr9yMknrWW6kybQCSegFaxMpbiy7fNIjzs7ZqPnHXj61L9nkWATkfIeBikWIujvuA2DPPfrVEEPLHkk9yaCay9X1WPTIF5zLIcKB1HqaNJ1H7dbvubMiHBJ6kHof6fhWXt4e19l1NPYy9n7ToaiyOijy/kYZ+YdTntUZ61KmGHI4ppUDPUVsZDMcU4Hn9ab06/ypy980AOzjrTkbB/rTeetIDj8O9AGlbAkgngVqRAhBmsuycEYNasZ+UZGKykbRH0UUVJYUUUUAFFFQz3KwjH3nPRRQCVyaqdzPEnDyKv1NVLq8xFl3LMeiocAf1Nc/MVZjhVH0FDidlDCynq9DWuzEV3bgVPfqKrDBUnPHQc1jSwtjdExR+uVOKbHqjw5MijcPvqOAf8AaHvWMoWO36rNLR3Nd8Mc4JGc5qv0NOgnS5gEiH8PSrFmoMpUxliwwuMHHfoeKxa1sZfCisDxil29CDjHp2q2YbeNZvMYMysVGB19P1pjGBXYI7quehGc8/8A66LBzX2KjKeTTPcYrUNvbzTiOOb5TwMjBHOKzWG1mUHI6UmrFRkmJj3ope3uTmm0iiVGK8KcZ4OD2qZVyOmSarjp/SrUSYAPr+gpoiRoWiggZ6CtqIYQVipcxQPGJAcEhSR0XJwM1toNq4rqgjgrbikZBFZV7JhGXJGBzj0rWrJvYRNfQw/wtyw/2R1/oPxpVXaJzyVzlru5DW7uSwl3EBT2X/GuJ1HPnEMOvPNd94k0i6SSS5tY2lic7mVBllPfjuK8/ux+8OThh1B6ivksZTnGb5vvPAzOMk7NFEwRk5KinKirjaMEHII6g1LFHJM+yJGkc9FQZP6V1Oh+B7y9dZtRVra367D99/w7fjWFKhVqu0UcFDD1q0koJjIvFsotY/7QtpGJHyzRj74HGcH+lZmpeKYWhdbVZTORhNyEAH1r0HXfDVrqekx2lsI4ZrZf9Hx0H+yfY15ZcW0trcPBcRtHKhwysORU4nK6eHnz2un+Z9DiMzx2CgoO0k1vbUz4bby7dmI3Stkkn1rOt7RnuSrrhE5bPA9q3ailVxiSIAupyAwyDVQqtN+Z4OHxLhVUpd+upuaVYyuiMIzlgDiuntdJOAZTgegrntE8S/arn7KtlMs6ruYArjj8R6106X85XiAL7yN/QZry62ExtWXuQ/r1P0NZhRcOZTTNKGFIkwoAAqKW6ab93bnCfxS9v+A+v16VSbzJuZnLgc7QML+Xf8anQsTjPp1r08BkCg1PEu/l/mebXx3NpD7zRtVSOJUXhR04q8u1ieaz4SDHnv7Vegz1zmvrobWORMuQKFkBq7VS3GWHHAq3XTHY2Q2T7hxWZcM6EEDIHrWlJ9w1QuCNpzWVXY0gYN3Gk+CwzzkEcEe4PaqM8lzbQs6XBkCjhZVzz2AIx+ua1p4ypYsTjvWeYxJcRJ1X7xz7D/HFeDj6NKUHKpFOx3U3qcxfX93ctg24EinIKueD+VLbpcTgNdou4Hgj0rUuYgszHHeolVndURSzMQAo6k18nf7EYnsxcUroYFC9BSkKBk4+tacWganKcGBYh6yOMfpmt3TvD1vZsss7efMOQSMKp9h/U/pXfhsoxNWXvrlXn/kc1XG0oLR3ZlWfh2S4015nBjuG5iVuMD3+v6cfSsiSKSKZopEKSKcFT1Fei1VvNOtb9cTxAsOjjhh9DXtYrJaVSnFUtGvx9TipY6cZNz1TOEeJ4yQ4wR2pnfrXTSeFVLZS9kx6OgY/pimr4UGfnvSR/sx4P6k14zyTF3tZfedix1G2/wCBkWFx5V3ByfmOw49+n64/OurgfkcZ571Wn0m10/R7s26EyiMsZHOWJXkfhkdBVmywxAIyK+ly3CzwtNUpO55leqqsnJI1kGFHGKH+6TSr0oPSvcRxFCUkDJ5/rWfOnzkjitOVflYis2Q9T2rRGUiuZZDGI952Z6Z4pCF2j5skjkY6fjSORuqC6JFuwU/M2FU+54onNU4OctlqQk5OxyWugzyTXJztIxHnsg6fnyfxqhpupf2dqCSMf3R+Vx7H/OfwrY1oKZHiAwqrtxXIMxMKE/exz9a+MyzGTrznWlu3c+irUoxpRh0sesxMNoZSCCMg+1Gcmub8I6oLzT2tJG/fW5wPdD0/Lp+VddDbpNGrZ2gZDt6elfZU6inBTXU8CdNwk4spYpyjB/matNbKCFDDdj5iSNoPJ6/hUfkrhgZVDKwXHbr1q7kWGjp3pNvoasvZtH5hLqAuOT3quDxjOaLhYs2gIf3z61tR8oMisa1XL+pNbEWQtRI0gS0UUVBoFFFFAGZqGrpaT/Z1UmYqDlugB7+9UBcb/mLFieST3qzr+mNdxJcQjM0PYfxL3FZlojSRkrkgDNVE9GhCm6fMt+pHdSFmJqmTmrNwOarUHo00lERmCjJPFZOoOm8OhGe+Km1KUxLuV8Vy8+pE3KxRqXZztCjuawqz6HVTjb3mdJpF8sc32ck7JF456EcD9Dj8K2wc1wTXT2AVwoLqPvs3HHPGPw/Ku2tpftFpDOQR5iK3PuAa5uZNnLiqLg1O1kywB3wTSEgbefypgdM/eWpcA46UHGOjkZOUBD4+9UDdO1PCkA+ntTTkfWhjW40YA4pR156UD/OaTP8AkUhjwAcY7d6lik2uvoKhHtVm1hE9wqn7o+ZvoP8AIH41cVd2REttSS/UnT9jZ3MNx/H/AOtitfQdQOoaXHI5zKnySfUd/wAetZWoPuDZ71U8LXQgn2E4V3MbfXJ2/wCH408XiFh6lNPaT5fn0/y+ZNWjzUL9UdpVHG7UpGI+5EAPxJz/AOgip7m4FuikqzljtVV6k1myT3LXLusDoGAHzEds+h961rPSx50IuTNGmPDFL/rI0f8A3lBqtHPL/Epqyjbq57mjjYVI0jGERVHoBiuL+Jni6XwvoKR2POpXrGODjO0D7zfhkAe5rtq8O+KN+y/EOzZsGOzjhIV/ujLFjn9KqKuwW5yl/wCEPHlrZ/8ACQXIvF/5aGTz/nX3IByK6vwR4mTxcE0bxOpN2pEdtqC4V8nJCP2OcHGR29a7mL4iaH4q09tKsZNt9eQvGI5xtVCVOcmvMfBehS6j4h1qxRgJI7dysiHIWRJF2MD9ea0dOFT3HqFWKnTamtDu774f6jASbOaK5TsCdjfrx+tc7f6XfaW6Le2zwl87c4IOPcV69ol82p6HZXrrteeFXdfRscj881g/EG3WTQo58fNFMOfYgg/rivExWX0owlOGjR4WNyujGlKpT0a18jz3SAI9btphw27YT6g8f1rtxxiuHsP+P2Ej/nov8xXc54+tRl0m6bT6M58tk3Ta7MVTgVOhG7dzgCoFOOhwaernp1HpXpJnpI07bbs64461dgYoB0x71kRP0A6ZxjHatOKQMoXvit4M1izStZBkj1NXay7QMpx6da0x0rqg9DaOwMMisy9+Rc+hz1rUrO1GN2X5eBjk5qay901huY8zM2V/MY6VXtin9ooZCcMj/wBKViQ+Bnr3FV2fZcwueMPg/iCP6ivCxetKR2xRHeRr5jFemadoNuJdajJHEatJ+PT+tF1wxq34aYfb5x38vj8+f6V4mChGWMhf+tDtrSaoM6eigkCqWoatZaZAZbqbavZVUszH0AHJr7A8ixdorlv+EwuZiDaeGtVlQkhXk8uLOPZnyPxArW0nVpNSVvO066spF6pOo5+hHBoHytGnRRTJN+PkFIRBqTBdMuienlN/KoLf5NpwegqG+tbiaFlkuREjcHkD+dNt5JACxuLeeNcBjG3zDJx2z/ShblNJLc3om3Rg081HFwgHtUldq2OdldxyeOPasyYhWPXvWpK+3JHWsq7IYE1pEzkUm688e9Qn97dRIeiBpD9eg/mfyp+aS2+ae5f0Cp+mf/Zq8zPavs8BO3XT7/8AgF4VXqo5fVPmupfrXI3A8ueaM9m3D6Hn+ea6+/H+lyfWuT1hDHPHKOh+Rv5j+v518dlVTlqcvc+lrQ5qa8hdE1D+y9etZySImby5f91uP0OD+Feq7toIzgHtXi0ySTlI4lLSOwVAOpJ6V7DDKRbxi5Bjm2ANu6Zxzz0r7PBYmnH91OSTeyPCxlNu0kiyxyOgz2pjEIBlgPqajZ281IIgDI/PPQL3Jqd7SJYyHzK5GCzf0Has8zzuhgPda5pdl+pz0sPKpr0DJPUj8aFPaq0MjeY8EjFnUBg394f41MTjNelh8RTxNKNam7pmM4OEuWRftG2vkflWxHIGOMVz8D7T14/Stm2ccAjBq5IuDLlFZl7r+nWGVlnVnHVE+Yj/AA/Guav/AIhxQ5FtbZ9DI39B/jXNOvTho2dEaU5apHcVGk0coJjdXAO07TnB9K8b1TxprWrM0EMpRSCSkXyjHv3r0/wxpj6V4ftbabm4K75j/tnkj8On4VNLEKrJxj0KqUXTim3ubNU5bQLveFBlhyvTP0q5RXQZJtbHF3z+VIVcFW/uuMGsee9UfLyDXo89rBdJsnhSRfR1zXOar4O0u5+dDNbnuEfKn8DUzcuh6tDHQS5Zo88v71J43K/Oi/3s/wBK5wXaS3gWztW+0BG2oFbDHp/F04zzXQavoF3puuwWNhI863C7lLLwuCc59gMH8a6PTvD8dnGMgNIR8746n/CuJQqTk77HtuthlTThq/mc7Y6DNdW4GpybieTHGcD6Z/wrpLWxt4IkjSJdqDChvmwPxq99j29qd5W2uunTjBaHPUruq7ydyIIoGNq/lSeWg5UbD6px/KpCMU0nFamdkyL7Y9udsi+Yn94DDD/GrIkWVA6MGUjg1m3JyDVWC7a0nAcERvywPp/eFctRRvZbkTw6teO5stx+VKMe/wCFJkEZyPXilHHX+dYnMOHt+daViNsDyHGXOBj0H/181lOW24TqxCr9ScCtVmWKFUX7qjA+ldOHWtyJK7sVbx8kisHTpil3KgONzNg+hzxWtO+cmuftW/0kt/00J/WvF4ll/s8bb3/Q7oQ92zPSvO+0Wtlc44LAn2JUj+Zrk/Gfw4sfF17Bem+ubG6jAV3hOQ6+mPX3rotKX7Rozw7sFWYKfQ/eB/M0++up/wCwrq5tVxcpA7Ip5xIFOAfxFenSq+1owq/zJP8AA8Bx5ZuJHoWiW2gaVFp9tJPKic+ZcSmR2PqSf5DitLArxe38S+OpVEkuqoinkAW0f/xNaumeK/EcWo2wvr1J7dpVWQGFF+UnB5AFZupG56TyrEKLlp956nXiPxW0528Xhun220UQsehkUkY/l+de2npXN+LPDtj4l077LeqwKNuiljOHjb1B/pWsZcruefGLb0Pm4eHtQiunNzZz2rjOZJUIQH617R8ItAOlaNe6zMp23CiODI5ZFySw+rfyqtp/w9tPtsSatrF7e2sZyIZm2px645P6V2Ml6fMFtGVFrENsaxLhQB0AFX7WMVdG/wBXnN22NbSIvsml21scbo4wGx69/wBayPHkgXwyyn+OVFH8/wClaNnKcDPFcf8AEbV0ItdPRslcyv7dh/WuHFTtRk31X5nn5mvZUJ+lvv0Oa0hPN1CFR/fB/Ln+ldnjFcx4TtmkaW7YHao2L7k9f8+9dOfbvXJgafJS16njYCm4UteuohODxTlI9Mmm54pRnNdh2l23wCCD14PFaNqckEg8jj2rIUtwR6YxWlYuXIXI9TW9N6mkHqbEBUMODk1fHSqUK7nHoO9XRXbHY6IhVDULmO2TfLIEQDJJ6AVDqmv2WlowkcySj/lmnX8ewry/xP4lutVc+Y4SFfuxIeB7n1NcWMxtOjHlTvLsc9fGU6G+r7HbHbcwrcRgMkmGDZ4INVJV3qyknJ7is/wXfNc+G9p5MLsnJ6AjI/ma036571wSalFS7nq4ar7Wmp9yrLMZYtzcOOHHof8ACjR7wWmqwyMcI/7tj6A9P1xTbqFmBeIZcDBX++P8fSsU3GxjnlDxzXz1alPCV41YbJ/0j1qSVam4Pc9OuGITIrBnuFBk3xFpCMIwP3TVfRfEcdwi2d0/70cIzH74/wAf51qPDDK2QRX1VKtGtBTg9GcMIeyfLURRtZpTtznIPPvXQ2zFk5qlBZqDkEVoRqFXFaxRniJxlsPoqtdXsNo0IlbaJX2Ak4ANSm4hAyZFx9aq5zWZR13QdO8SaXJp+pwCWB+nZkPqp7GsfQvC+keGIV0vSISo3CW5mc7ncj7oJ+vOPQH1rUfV0vC8OnSxyMrbJJQciM+nufaltVW3UgEtkkknksfUmhSHyvqa8LZXv6VKTxVaFiQCKsMM4zXZB6GMircDrkday5hycmtW4YIOenv2rKkcOeD9M1rExkU2Bz/SktMCe5X12t+Yx/7LTmHzYB7461Ch8u9jb+GRSh+vUf1/OvMzyk6uBnbpr93/AADTDStVRiarEUumPrzXL6xHvtZRjkDcPqOa7vV4BJFuH3lritSIXcDX5/g6j5k1uj6mk+eFiv4Kt0vPFFmGwRGryfkuB+pr1eSJdpBxXhnhbV5dN8UWDxRPNuJiKRrliGGOB7cH8K9me7uSmWtXHsWGf516Gce7VTktGtPxPNcXzFEvHYapxgJMoH+6Rk4HtyautdRshbcMCuc1C4M027kFT0PUVViug8qRSuPL3fOCeorx5U51FzN/1/wx2ewSimbdvJPcX32mKBni2FAxO0HkdPXp1q6XmRC8kaKFGeHJ/pU8MyPCrRkFCOCOlZmu6nDpumu8hyz/AComeWNejgc5xlL2eFoNJX7Xer1OCrh4VG5yWpcub+30+MSTNz/Co6t9K5vUvFNzcZSJvKixjah6j3Pf+Vc1c6nPeTNNM+Xb/OB7VUkuSTtGSx4AHevtMRi5T0WiMaOGUNXqy7cXzN1biqSJPevthHy93PQVZtdNedg9x0/uD+tb1raZKxxqPQAV4GJzKFO8aer7npU8O3rMm8MaKi31tGBuLygsx/iA5P6A16zXJ+HrIJqYPUQwkn6k4H6Bq6yvXyFOWF9tLebb/Q8zGzUqllsgqGe6ityokLZbOMKT/KpqparZteWLpE22dfnib0YdPz6fjXtnJGzeo/8AtKzH3riND6Odp/Woru4ikh/dyow9VYGuGh8UTxqovLduerJ698g1cTUtLvOS0IY9pE2n9a5aeMw9bSE1ft1O5YKUXe5shojGztzIxIHsv/1/8KrGdA2MADOOvP5elVGtrYjKxRY9QoqBraLsmPoSK6JRdkoux1wo2WjNJ5EJO3p71BIwqj5JX7ksq/8AAt3880F50++okHqnB/KrN1CxI7gVWknx3pkkyspKtn19qqATXLssEbyMBkhRnArKpUUFduyOiKSV3sTQob29itgceY2CfQdT+gNdDcW8Eg8p4kaMDAUjIArndKW5ttWhmntpkiUMGdkOF+U107lJFDowZTyCDkGvhuI67qzi6crqPZ9TlryvUVtjNlthaR7kJMKjkHkqPb2rRtLBRCJJhmQ8hT0X/wCvVG9uEjSNNwyzrkD0zk1prcBo8ggg1xUs2rPD+yrSvv6swqRloZ0kAgu4yB+63ZH+ycHH4ZqSZ+KL5gLSVj2UnNQs24ZNfUcM42eJw8oT+w9/J7fka049SrdSCKCSQnhQTWNYqd0YPXjNWtbnCW6wg/NI2Pw70zTo90i1ycTVleNPtdnWtFc7rw/8tnMSePN/9lWn3NxHaTmUnEEhxJ/sn+99PX8/Wm6YhXSdwHzO7HH0OP6VlXjvvdX/AA5r2cF7mCpRf8q/I+ZxFS1RtdzmtXtV06+kt8fu2+eJuzL/APW6Vl29u19qNvaxAlpJADjsM8n8BmumkWKSD7PcQie2Byq/xRn/AGT/AE//AFVNpq2OmlmtIF3EYL5LNj3zyKTSvc93DZsp0HBL3rHYbgR1qGWIOOTWQNUQjrTX1UAcGtOdHmqjNPQtTWiMaqtbpGe1VX1J26GsPVvFdnpysHl82btFGcn8fSolOK1N3N0o803ZGzqGrwaXZyXEzYVBwB1J7AV5NfajNq2pyXEmS8j5IH6D8BUesa9davcBp22rnEcS9B/ifeq9vdw20yxhWlmY4OzovtXFUbruy+FHHQwc84rLpRi9X3fl/Wm77HV2+s3Npapb2yRRxoMcrkn1J5qVPEN8p+byXHoUIP5g1k7gOpFRPOAcA1q5cqPtFkmAUOX2at8zp4/ETtgNZjJOBtlzn9K3kJKKSNpIzjOcVgaFpbJtvLlfnxmND29zXQr9cfSnR9o1eZ8Pmiwka3s8KtFu7t3/AOGJV5GBycda0rRfLKnA647VmISMdauR3SwK00h2pGMkn0rqg0tWcETdFwsGC/3jxgdTXOa54oeANFG+z1C9fzrIvtdmkkZg+1j/AHew9BXN3czTS7pGLZPJJrxcXmVWq3Gm7R/FnDisfaPLT+8S91KS4Yknj0FYl7IdhJNX50UOTHny88E1k3rbmWMetcFPWR40XKc7s7n4e7hpN4WJCGUD9Of6V0cgG4kevesjwzatZeHoARgzZkP49P0ArUJ969mLtBI+6wNNwoRT7CVi67DAkBmBKTkZwOjY9f8AH+dbVc14qDwpHcJIAWGwoe+Mn+v8qlwU1ytHq4OHPXjG9jjpfElm4KmXy2z/ABcD8DWrYeM9Utoxsb7VEOm8Fj+Y/wDr1zd1dRW7bltofM/2YxTrE3epsXnkKWq9UXjf+PpTpYaNLWDaPaqYOM58snf5fqd1afElJdym0m8xMbljYNj35xVmf4l21s/lyrdxtgH7gI56c5rzE3zjUVazQRQrlBtXr7mrbNK07G4hLpIvl/MvOQf0rqcmkYPL8PZ66o3de1e/8VX8EMJcpKwjhRzxg9WOD1/oK73SvCen6dZrC3mXJK7WaZyw98DoK888OWVzqviuFbaUxrb4keXgbVGBx+eP8a9iwPTj60qd2rvqeLiLRsonmVlLJ4K8crp/mE2F0QCDxw3Ab8D/AFr1XoBgjFeY/E1IiNPu43UyozIdrcjGCB/P866iTxTb2Xh+1vZm8yWSBXCZ6nHf8aqElG6MazXIqjO0syRhTV4j3rxIfFLxD/aUVvZ6ZZlpXCJG6OWYk4AzuFe1QeabeMzhRLtG/Z0z3x7V34epGcfdPOVSNR+6V7o7VzWQ3yv1OK2Lk8HNZM7Lux2z+tdkTOZVYnJ4qCVTIhUHB4Ib0I6H86nfls8fSmd8n9apxUk09mQnZ3RlanqflWzq8eJwp+Qng/Q+leb3mrzTB90PzEHGz1969N1RoPs3lzpFIzZ2LJ0HvXnv9jyj7Q8MLOIwZJCoyFFfJyyWhhasuV3vr5o9zDYuThe1v1N74T6VZpBeanMN98H8lQR/q1wDkfXP6V6Dcba8e0vWbvw/fG4tkEkTjbLCTjcP6Guqb4i6c0O5oLpZMf6spk/mOK8nNKFepJ8sOa5UYXle5rXtuk18EUAFutaUFnHbQqkahVH6+9eb2/jSca+txd25hsHG0E8sp9Tjt2rv4NWsrmATR3MbRkZ3BhivDxeEr4dRjNaWOmUuZJLoNvYJYh59odrZ/eqOjD1+o/UfhXmuq6nLqmpySM+6OMlI+cjAPX8f8K6Pxd4whhs2stLnWS4k+V5EORGvfn1rhUuFhg9W6AV7uS4SUaftasdenexk77Iu5ZmVEGXboK3NP0xYhvf5pD1b/CqGkW3PmSf6xuvt7V0sa8AKKWPxbk+SOx2UaKgrvcEQDAUVvaXZeUvmuPmPSodP045Eso+grbt7Zr6f7PHkRr/rXH8I9B7n9OvpXiwp1MXVWHo6tmeIrqMTT0CEi3luSP8AXN8v+6OB+uT+Na9NjRY41RFCqowAOwp1fp+GoRw9GNGO0VY+fnJyk5MKKKK3JOQ1nSIvtsi7AEkzIv49f15/GuYu9Me2Y4GV9a9Mv7X7VBgYEinchPr6fQ1z81usyEFcEcEHqD6V8HneBqYXEOtD4Ja+j6/5nq4TE+7yvocVHujOUZoz/skj+VWF1G8i6uJR6OP6itG700oSVHFZskJXqK4sPmNel/Dm1/XY9OLjIu2+rQTMEkzDIezHg/Q1frmZYQQQRSW2qTae4STMtv6d1+n+FfUYDPVUahX0ff8AzBxsbd7aeaheP5ZAOo71N4QdTLfCUhJAqjB/HpToJ4rmFZYnDow4IrL1B20+6S9h4YH5h/eHcGvSzGjKth5Knv8AmROPtIOCOslxvOK5q7D2124icqjHJUHgGtBdatJLdZUZjuGQMVnS+bO5l8p9p6EqcV+ZwjNTk5KxFGDT1IgSx5OauQXckA9R6VVEZB6Vsada7V81hyRxntRVlFLU3quKjqY9/q73H7jaUB+9kEZHfrVldTiMeWPNa93bxXMRjmQMvv2+lcLqySWN40UTM6Y4YjofQ19Rw5mFCMJUYxtLd9b/AOViKLhLRqw+5uTe6mTnKpwPrXSaZDtTeRnA6Vy+lQszgtySck16JoFj52yVl/dIc5/vMP8ACuHEQqZljeSPV/cjPE1VTg2bcUf2ayhhOMhQCffvWdqNujLlOo5rZmQMvTJrLvpFjhbC5JHWvupxUY8vRHzVTXVnPSAZ9ffNch4o12S0tn+zQbmUkbwuWBBwSPT6110nzH72fYdq4XxJcKuslbcAOqAsezH/AD/KuCTsduSYenXxXJON9G/+HOWg8ZavCig3UpOP+Wg3H9anbx3qjDH2gD6Rr/hWh/aVqw2zW5D9wFzUck1oo3G3Cg9AVGT9BWHL5nq/6t1W3bENfJ/5mPceKdRuxte4uHB/hU4B/AVS828lBEVvt/2m5ro41aT5hEsMfuOapXs8rgw2ykD+KQ9hS9nFvXU0jwrQXv16kp/18zEjw/mxvK63Kj5ZOuSe2Py6Vrafa3EcalYgjY+83Jqjp1nI9080I/1eNgb+Mc5P1zXTQT+YNrIUf0IrRtbI9zL4UnTTp/CtFbbR2KTxXHVpF/75/wDr1p6HJY29yH1CNmIPysOUHuR1/nUE/WoRntWNSTjqjpxOHVek6bbV+zPTI3SRFdGDKwyCDkGnAHpnivPre+uoEWFJ3WEn7oOMGtW3vlxhx+dYVcwVP7LZ+VZqpZdiXQqK/VPujskXPUH1rD8VXZs7OGINjc29gP8AZxx+ZH5VFBqRhOYZmHsx3D8jWV4t1EXemxs0e2aMkZXlSD/LoKFj6Vem4LSXmcLxdOrBxi7Mxf7ZLMc1LHeiVsZrlxdqTjvVuKQjoTg1yzo2RxVKVkdBLcKsLDOaraNYNrGsRW+7aHbLH0UcnH4Vns8kqgZCJ7969F8BeG7iANql1EYgy7IFkGGIPVsdvQfU1phaDlOxrgsM6lVK2nX0OimSNcKihUUBQo7VCwwanuY9krfNn3FQt6V3T3Z9rHYbjiuI8UXanUWRzxHjHtxmu6kk8wqdirhQvyjGff6155qNk2s+KZ7ckiFGJlI9Bxj8aic404ucnoj08rajVc5dEY1tpr6vI9wy7LSPJ6fex3rSayKW62kKfOy4wPU9a6O4gjtrJIIlCoWVcD0HP9Ko2pDX8ik4LRnH5issBWlieao9r2XyPSVeUYzr9UTeB9Fsop5LuUxymA+XHgZAcdT7nt+dW/GdvbXOmNesqrOjgbh1Iz3qrDavpm4WUhijdizKRkFu5rH8S3V8tkvnTqYmcD5EOR39favXk4qm4pHmuoqjdSctf60J/h8dOS71E3xjDBl2BzjPXOfX6Emum1PTodVMUmn3cdmuSoZUB8w46Ae3rXl+g2N1rUt9HDMkaKqq7GLg8nA9q7jSotU07TUsRNBIItwSRojkZ/H3rzMXha6hGrh6l5fy7W+ezOSCUqj5lZdzjvEcco1L7Km+eZUHCRnOR14rMXUJ7d44jlvK+6h4wfoa7JPDd8t491/arrK4wxWPHHPHXpzVA+B7dJvP+0TMW4YAADH610QpNw5ZrXuTi8uw0qbVGr1vaz7a6iaFqf8AZt8NTws98nKkRFwn07D61614O8f2Pih2s2U2+oRqWMR6OB3U/wBK8wj8Ji3Ysl1L5fYH/Gup8GeCLOa8XV4J7m2urWVWjdWyrjncCD1BHHHrXRhvaxly9DyHh61ON5Wt5Hpd2pcHArEkLKxyBmuhkXeMVhXilZTyTXrwZjNFbgg9TTTgZNHOScHNVtRlkg024ki/1ojPlj1bHH61Zmcr4p8XeHdBmH2uKbUdRYZFrFJtWNe249s9ccnmtjwl4r0/xzoGoafZ2QsJVjKGLjAJHB46/wD1q5/4daXoENvd3/iFrOW4vXLwvdurfJ756GtT4bWGmR+LPFFzpGPsAkjSEr93HzE49q86cU7y6nopcsbM5C8hkhupIp4/LlRtrpjGCKq969r1zwrpuu/POjR3AGBNHw349jXJS/DC43/utTjK/wC3EQf0NcMqMk9DeNaLWpwBUMMMAR71LZ+G5dQgurm3tiYbdDJK/QDHb3PtXfnwNpOh2M2o63qDSQQLvcKPLXHv1J/DFVtL+K/gttumLm0tWygLwlY8Hjn0z6mnCg+o3V09087ltUETbBz1qlAp+1jePu8gH1rsPEWhPo14DGfNsZ/nt51OVZeuM+v/AOusNokYEEDmsJxesWdFOrbVGppLmZ9qgHB6jpXb2EFvbxiWZhn3rnPBOnQ3kdxHNJIrQsMeXgZBz6g+lek6fplraFJIoFaQfxyHcw/E9Pwrz5ZBVxUubmUYP5v+vmFfMYx9zdkFnYXV9g7Wt7f++ww7f7oPT6n8q6G2tYrSBYoUCqP1PqfU0+M7kB9afXvYDLMPgY8tJavd9WeXUqyqO7CiiivQMwooooAKw72J21AtCPmMZLJ034I/Xn/PbcrHvGMd9bv23lTz2IP9cVz4qjCtScJq6ZpTbTuigyxzpkfQjuDWdcWAOcCtWC3W7ubllcxyjadw5B69R36VDcs1owW6Aj3dHzlD+Pb8a+BzHKauHvUhrH+tz0aVazt1OcnsGGcCsW9t2AIIruWVWGeCDWfeWcMqHOM15VLEuMrM7oVu5w1lqE2mXJAY+Sx+Ze31q9qd49zAR2IpbrT7cTssxkCn7rRjOD7jv+FEWnyLBsZg6g/Kw7ivu8qq1KlBK94/l5M6abVzV8HaOI7P7bcyNIZGzFEzZVAO+PUnNdS4Q8YGK5HTZp9OQx8vCTnA6r9K1f7ZgVMmQA+h4P5V8tm+Cxaryco3TejSOSpSlztj9VaG2RCSq565q9aXcUtuuGXIHIrmp1n1u5GVZLZeSWGN1SjQ/L/1N1Ki+ma7MPw1XrYdTb5Zdn2NHTTilJ6m1e38MERYtk9gOpPtXPrbPciR5VyZCSRV6DTI4jud2kb1Y5q4FUDAFfQ5TkcMBFuT5pP8hwtDYg8K6DbXNzMLq5kcxEMsA+UMvqSOTz2/xr0KONIkCIoVVGAoGAK4O1lNjqtvcrwu8K/+6eD/AI/hXeqcqM161KhTpXUIpeh4+YKSqXb0YEZGKxr9CHZDyuMmtqs/UIPMR2JAAXuKqoro8+aujmZYwhOec8V55q0RkljuByzDJPuef616I5Hmdfboa4nV4Tb3Dxdh8y/7p6f4fhXm1Fc9jhupGOJlF7taGN0GERd/94jgUxLZFcyN88h6s1TEgDJ4qhc35BMcC7m7k9BWLaSuz7HFYmhhabrV5WSLM5QLmV8KO2azZJReyC3gG2HPzEd6i+yy3L7pnLe3atS0tVhXgVxVsUkrRPgM54wdWnKjhI2T0u9/l2AxrblHVPkUbWC9cVb3QmATRuroehFNqjNZukhktm2lvvKehrHC4pRXJM87h3iZ4BLD4jWnffqr/oOmk3MaassaDMkir7E1A8N2/AiCe+7NOh005zIea6amJppb3PqMw4zwlFWwvvv7l/m/61LImimQrHuJ9QOlWkdioJGCRyPSoY7dIvu1ctEhkvIkuJDHCzAOw7CvNxFf2nTY+DzXOa2b1IKpGKa0TV1v3u2MEhHenO/nRMj85HetrWdP0i3tBLZXSmXIxGsgfcP6VgA4rkpzVRcyPMxWGnhqnJJpvydzATwzqGoajJBpkPnOFMgjDANjvjPXrWla+DvEZYRtpF9u7/u8D8zxVpL+TSNVtNSiJDQShiB3HcfiMivoGGRJoI5UOUdQyn1Br6XA0oYql7z1R6+DhHE0ryeqPJtC+GN48iXGqbbVFIOwNvkP9F+vNehNZxW9pHBDlI4gFQZzgD3rYkHy1m3UhVfrxXoLDU6MWonrYahCj8Bj3KZJP8XX61WjaPY4kQnIwrZ4U+tX59hDY2j0z3qNojbROCS3fAQ7T6jPeuOUdbnoqWhlTyiC3lmYEiNCx/AZrmNADz21xfyriS5mZunYEj+efzrstVh8xDGFO2RPLXj+8SAPyIrIe2S0hS3jGFjXaK8fNpclL2fc9DCSVmUNQXNtvH8DBvw6H9CaPD8FlfX11aTlTLhNvHzAHOcenOCT7VYkQSRMhHDAg1zcegv9oeR5C0hzh8Ywfb9K58qx9PDwaqd/zO+a56Mqd7XOqu/DV5JGwt5z5Q+YNIvBHruBxXL+JNKvLaxklnUS2yYG0xMysSMjnOBx6itC38T6pY7PLlR1PEgkXLE9CCwIOeP0qDXNeuNX0v7LISse9WI3MxJ4HU+2eB6mvpXiKEo6bnkxhXTV9jO8H2V7cwXE1na7IoiPOG0IAeuSd3pntXWnSNV8zBtce2T/AIVzuha1/Y77Ps4liPJzg8jcAeev3zkcdua23+IUsYEKadGtoq4B84rITnOcgYH5U4V6HKrysE41uZ8sdC3DpGpzqGS3UqRwwY4P6VPF4eu5pTF5kaMv3lI57H19x+dYj/Ee/CotjaW8eCDIZBu3YGMADGB+dVLnx7qrQhLZIbQgEbkGcAnJAGMfzqniMOupCp4h9DtrLw/aI7GdmkYDK+aQA/0HXrx0re0aPiVkUCHO1cLjOOv1wc88V4Xe65q3iK6g02W7UiWUYRECruP8RAHbk5+te+6RYQ6ZpFrZQAeXDGFBHf1P49a6MPVjUb5VojmxNOcEud6ssSfdz0rJuwDnj8a1pBlGHesedepH05FdsTgkUGHJxzTGERKLMQEMiAk9PvCpCOan0u3SQvIwDPvIyR0HYD8KKs+SIUoc0tT561TRora/lgluxEYJGjkiOQxI4DLgYYEYNe1/DPSI9D8LKr5Wa6czMrfeAwAoPvgZx712nlRkYZFP1Fcx4nXXbKe2m0HRbLUIW+WeIyeTIp7MGzjH4VxNuS0Ou6ejOpyDRVCxS7NlDJPGIJ2XLw+Z5gQ+m4YzVtXPRxg1mK3Y8u+MepSzrpfhqCUR/bZA8zE8bd2FB9s5P/AawfG3wh03w/4Rk1SyvZnuLYKZRLjbJk4OPTrT/i6kn/CXrOELmCxikVQM5AkfPFciPGniLUtOn0+9lF7ZzIY080E+WByWB9QK2itC47HYfCTU3urH/hHtWAutOuS4thJz5ciAMyD0BU7h6EGtDxl4ag8P3Fu9q7mC43YV+ShGOM9+tHgrw/LY6P4euChWaa/+0gY5CFSP1QZ/Gtv4n3Cn+zrYfe+eQ+w4A/rWOKgkrhRk3LQy/Ain7TeHttTP5tXpdiV2ndkk1wXga22WU856ySBR/wABH+JNd9aRbfTpmurCq1CNznru9Z2NGMAIMU6kXhQBS1oIKKKKACiiigArGvU33aIf4T5jewHI/XH61sE4GTWFazSXVtLKy4aQls98dh+ArKrJJGlNO5T0m4xrFxH2ZFx+bVuzwRXMLRSoGQ9Qa455jY6ok54XJRvoeh/MD866+0m+0WyS9mGRXHGzVmdNeFnzI47VbWPT7sx2kknByVDbR9OPrVGztri/mnLXM6RrgKPlJJPXOQfb860tWQrq1wGOfmyM/n/WpdIUeTIe5kOfyFZYTLsPVftakU37y116u2/Y9GDtRUupmt4ehMgeR5pSDkbmOAasfZlHBHSujjdI8EoGx2NUblEaRpMBAT0zxXqQpU6atBJLyCGIbdmZiwoOwpfIQ87FP4VqW2ly3LAsDFF3Yj5j9B/U02e0WC6khRcKDlR7H/6+aanG9kH1mLlypmeAF4AxS1OyAVGVFXc1UrjKSlIwaSgsiuFDxlD1YGu40+c3On2856yRqx+pFc5pdkLwXO/hNmwN6Mef0wPzrf0lDHpVshOSIwMio5k20eTjqik+XsXar3ShonU4OR3qxVa7QtE5B5xjFEtjznsclOmyZhjjPrXLaxZXF7fL5IzIx2Rj1HcfnmusuUMUmS3B6c1P4c0cKWv5fmaR2ZMjoCTj8P8APYV5FenObUYaamFHnjVjODs4u/8AXqeYWmlXN9q7adKrxmMnzeOVx/kUz+xmt53gdNrIcYr2x7C3ad5/JQSuAGcLywHTJrK1rw8l6ongULcKMf7wrHFYaUoe70PUzrEPMoJNWa2/X7zzJNM2jpTjZkDpXRyQvbgwzIUweQw71BJApHAFeQ6b6nx88I4u0tznWtyD0piRqsqGRSyBhuA6kd62ZoQPxrV0PwzNezCeZQkS8gMvU+/+FZeycnyxV2yaOBnVqJRWnfoYmr3Ol3EMa2Nq0UinltoUYx0681jkYre1fQrmxuZAsLGPOcAZKj+o96xG6471hCCguXXTvuRmEavtm6sUn5KyZHV+7vLW5t4IbewWB1xlw2S3tVJUZ3CIpZj0VRkmuv8ADHhSaaeO7uhtRTkDHQ/4/wAv0q40pVJqMVdhgaNas3Tgvde7tsvX/I5e8sbiwlEc6Yz91hyD9DVavarrRrG8QLLAp4x0H8uhrPTwfpKPu8kH2Krj+Vd7yvEJ2TT/AAPRq5JFyvTnZeZ5MNMn1LZHHG20ty2OMV7b4dyPD1ijHJjiEef935f6VmalZW9nabYIlT+da+iJ5ej2w9U3fmc/1r2cswzoXUnqerh8FTwtBKOrb1ZePSsnUPlPt6+la9Zl/ErtnPNehXV4m1P4jGLbxgJk8gUv2sJsTyj8v3ufzIH+NTW7xQbhIxUsfTIxVGdJFYuVdVYnDHv+NeZJuKujrVm7AjCbUIgAdmeB/uqcfyqrdxbpCafHMsF5A7uEGW5Jx/CaJrmNicMrHvjmvFzG0tzroXi7lB4tozU02mtDpUV4Qcl23fT/ADn9K0LDSpr6RZJVaKAc5PVvp/jXSTWkU1o1sVxGV2gDt6Y+lTgsqdSE5TVrqy/zJr4u0ko9DyLVLLy3adOYm5ZcfdPr+Pf86y4nUloyRtboff8AKu41LTJbGUxSrlD9xgOCP8/l+p5m68PwPKZYt0Tk5yh4/I8Vz0sTKi/Y11Zo74ONSPNBmQRg4qOQEoQOtX5NFuS2Vul/GMn+tWtL8H6lqt0I0vlSPq8nk5Cj/vquynVp1JKMHdv1Cb5FeRz0acnNQXU0UI6ZY8AKMk12t34EWy1BIm1Rp0xlwsewj26mt3TfCmjS2LKbTEiOR5wY7+x6/jXfHDTbdzCWIgkpdDkvCWnRWMv9oXO3z2H7tW5MY79+pr1fQNUiuU+yiQM6LuT3X0/D/CsOHwDppfP2q8A7qGX/AOJrf0/wxpumukkKSmReQzysf06VeCweMp4j2ras915eXocmLr4epCyvc1mGc1j3e6Nic8e1ak5IQ461lXTh1xX0UTyJGeSSf8KmsbgW15h+I5iFJ/ut2P49PyqAjnHNNYBgVOCCMEe1VOClGzM4ycXc6egnAyelYUGptbRBLhxtHCysfyDH19+9V9en/tTw/fWKl0kkjx8hw3UEgfUcV5s04OzO6nH2lmjpAQwyDke1BGRXA+ARcadcXVlJczSWgQMgmOdjZ6DPt29q70MrDhgfxqU7o0r0XRm4N3OL8ceGW1ma1v7K8+x6jaqUWTZuV0PVWHp/ia5jSvBG2ZLzXbiCS0Vv+PazhEaSt1+Y9SOOmK9OvYRIp5FYb2OZMZp+0lHY3o06c4+8zYgnguZ0lEaqI1wgx93/ACK8q8T6mdd8TSvBl41IghA/iAP9SSfxrT8TeLI7WF9J0uTzbiT5JJI+doPG1cdT2/8Ar1L4U8NPYhb++X/SSP3cX/PMe/v/ACqeSeIly/eZ1OSh7y+R0ek2Y0/T4LZQCUX5m9W6k/nmt20ZzL1wOlZa9f51oWZJkxj5c+terZJWR5ak27s21GAOaWmqMYp1ZGwUUUUAFFFFAEF6xSynYdQhx9cVEkKxptAwOlOv+bdV/vSIP/Hhn9KSZxHEzegrnrbouBxmsxifUmtl6Oyxn8Tj+tdnFGIolRRgAYrjbc+brMMjd5wx/wC+gP612tc8Fpc6sQ2rR8jC8Rae8sYvIVy6DDgdx6/h/X2rB0m8UCdc8hg+PTIx/Q13dcr4h0uKyJ1K1TZ/DOi9CD/Fj6/zqqXNTqXjs91591+v3+uuGr2Xs5HQR2UPlJvUlsDd8x61JHawRNuSJQ397GT+dU5L9I4XmaQYTnaOpHtV21uIbu2juIJFkikUMrKeCDVcze5yzUlqyWql9aNcKHiIEyfdJ7+1XDSUJtO6JTad0cpPIyyFJAyuOqt1qDfmutntoblds0SOB03Dp9PSqLaFZsePNT6SH+tbqsup308ZFK0kc8TUttazXkmyBcj+Jz91f8+lb8ejWMZyYi/++xI/LpV5VVFCooVR0AGAKUq3YKmN0tBFXy003TWWIZKKcZ6s3/1zV+2i8i2iiznYgXP0FZly7XF5FBGMpGwkkPv/AAj8+fw961Uzjmil3POnfdj6ZKBtOafTJBmM/StWZnL6rt88lT+GelaelyeXZWEbMf3lspA9wBn+f6ViXpfznJJwc4yc1oOUh0Ow1Ehj9lhWTAP8JTBriT95sihrJm4RTSQMZPWo4rqKZNysCAAeD/n0piyLLelQf9WmT9Sf/rH86bt0OizQ6e1guVxNEr/Uc1nv4b01zkRFP90/41rUVEqcJ/ErhYzoNC0+3OVtwT6nvWgqhVCqAAOgFLRRCnCHwpICKa3huF2zRq47ZHT6VnzeHdOnOXiJ/wB75v8A0LNatV7i9trVC0sqqB15qKlClU1qRT9UUrvRFS30DTbY5S2XPv0/IcVpABQAAAB0ArHt/EEVzdrGkLiAnHnNwCe34e9bQ5qqVOnBWppL0CScdGJRTsUxzgE1q1Ym5zniO6MVu23lsfKPU9q2tDuxdaXCGwJYkCSKOxA/ka5TWZfNvgueAalsL2SyuBMnPGHX+8KwjX9nU12Z2To81JW3R3FZd6WaRVTHPWpbfWbK5wqy7HPG2T5Tn+R/Cq94AJg2SMHNddWalC8Xc4oxalZlCWFVLc4I5qgzOQELEqucDPA+laUvKHB6HA96pIVWX94vGOOM4/CvOqLU6ovQbYwxzanAksauh3DDDPO010MOnWcLApbxhs8EjOPzrIgd/t1o8jqUD4UqeGJBHT8a3J9wiZk+8oyK0pU4Wu1doyqN3JSKSoLG+h1C0SeI8Hg/XvVjHvXS12MiKaGK4jMcqK6HsRWNP4Ws5GLRSSR5/hzkf4/rW7RWFbD0q38SKZcZyjrF2MCLwnZK2ZXkkH93oD/M/rUOpX6aNsS3VIo8kHjpwTn9K6QnAJriNcjW/vIYX5XzMkeuAazjQpUV+7ikdFJyqS993JdIikvo59Rnzh/u59O1aejKPsbOP4pX7+hI/pUd7cR6fpSwJy23JAqzZxG1s4YifmVRu+vU/rWkdGFWTaNOBiuMn8aszXUNrbtNPKscaDJZjxWf5saRGR2AVOST6V5/4n12S9l2klYk/wBXFnhfc+/8v57SrqnHuzCNLnZtat8QI43KWFtvA/5aTEgH6KOf5VzzePNQEpaSK1ZfQKw/XJrk57nJJJNZN1dFjtAbJOAByT+Fc/1mq3ozoWHp9UeraZ4w07Uplgk/0e4bhVdsqx9m/wAcVunivCE02+kw7sIV/wBrk/lXUw+LdXtbWKA3SuY1272jBY/U110sckrVDmq4O7/dnR+LbmWGSFXyLaRSqntv7g++MY+hrlbTWda0ZDHEwv7QH5I5TiSMeit6exqS+1y98QWH2G4EWzer+aFwQR0qERlIwjNkgda5q9VSnzRejPqMpwcauEUK0bWbs1+ZfXx3LLE+YWtnTr554H0x1pyeNtWktxLavDLGTt3oTwfpWDdpxkcg9e9R6fIIpZY+gZd2PcH/AOvWPMdyyyjFJNXNt/Eev3LZbUHjx/CgAFZ2va94hnskiF0TGTtk2Daxz6kdvpiphIpyR2JFR3G2SJ0buCKXMzaeX4eUOVRt6HV+AtGs4NIj1BrfN4xYeY/OADj5fSuyAz71V04RLplt5CKkRiUqq9ACM1bXHUivepwUIJI/OcRPnqyktFf7vIUYOQcitCzI83kDPbNUFBxnsKvW6kkcnnqBVMzjubCsDjHSn1DCm3p07VNWJsgooooGFFFFAFS9/wBZaj1l/wDZWNVtUfZYyY7jFWbvm4tB6Ox/8dP+NUtX/wCPM/WuatubUVeSOagHl+ZNjJjKn/vk7q7YYZQQcg1x9sAYnPrIf04/pW1pl+qWKQyk74v3efUDp+mKhWWh0YiLk7o1TxVC+eJ3W2kClZQUZT3B7U251OOOItu6VzQ1J7nV7RmzgzAfkCf6VnKS6E06TerILlJ7Kb7JOSdowjH+Je34+tWNO0y7SSSbStTeyMjbmhaMSwknqdpIIP0IrpNU0+K/t8MMOOQw6g1yttrT6JdmG/QlAeJUGQR7jtU/CzpVT21LltqjoLWy14zg3mqWxiB6QWxUsPqzHFbdV7K8g1C0jubeQPFIMgj+VWcVqkcDb6iVG8qoOtPYZFVJ7eR87aTuEbPcbJfKtUp9TYfLHjeentSSaZO5+8aoTWclldRF+VfIz79f6GpV29TqhCn3NvTUZVwMkn5nLdWNa4GBWfZMMKeMnsK0RXbDY46j94KimkCRsfapaz75WHzDOO/vTk7Iybsjnbxi0zkcfStrRWD6LbL1Cp5f/fJK/wBKyLhGDNwQPyrS0FsWs8OeY5jx7MA38ya4luzOi/eZjXEM2kXE++QLDMxSJS38Oc49jzWv4f3PHcyuSWaQDPsFB/rUHiaISW8ZZQwB6EZqbwuqjTJAgAAmIwPotKK9+x6U3ekmbJFNJCjJOBTnYKCSelc3rGsDJhibCr95qc5KOplTg5uyNO/1OG3s5XVxvCnH17frWe/iDyoVBTBAAZ2OATWFl58F2ZV/u5x+dIIY1bcEGfU8n86xc5PYzliaMHZK5en1y7uARCMD+8eB/iahs4Unvk+2uZS/Clvuq3bA/wAc9qi60pXIx/Kkn3Od4ypzXWi8jql06LYVZQVIwRViCUwBYZ2yw4Rz/GP8f8/TJs9ZzbeVcsBMvAkPAf6+h/z7VTv9UmQtE6cHsRwa25lE7IJ19Uzp2uEXqcfWqF7qkMUDYYZx61zUWp3Y+UnzE/uyHkfRuv55qG42TsSY5l9htI/mKTqXOiOHs/eIDM1xcNIecmrK57Ve03QnvbUSwyIikkfP1BHqB/jWhaaSYLjybjbuA3Ajow9RUOjJq7Whs8RTjpcwJwxhYY6jFdFpsxvdKgeT5pACjk9cg4z/AFqxf6fFJaMFQBgOMVm6BJskubduOjj69D/SinHknbuY1JqpDmXQnmYB8E8rVWUYXLAqTyAR1qe7z5rZBDfpUUcc108YYsyAhc5zgVnLV2JWiuVnnZEjYDiFg498EE/yrrhh1BByCODXOy28Ss74yCoO0Hhcj/HtWpo03m6aiH70J8o/h0/QitaCavFmdXWzRkahaXel3LXencpjm3xhW6dPQ4GKbB4sjDvFOjRuvZhjHGT+ldHMgeMgiuP1mKJ/3bD5WZc447iqldGlLlqaSRvaXrkWpXLwoMMoJ6+hrWrkNCSOPWYvLQLuV84GM9K7Aiqg21czrRUJ2RDcNst3b0FcHfXBGobl6ov8z/8AWNdhrM/k2Z55NcWkfnSSSnozYH0HH881nUep0YWOly/pyPd3ySTZKRYkbPr/AAj9M/gK3ZHzxnvWVph8uSSPH3/mB+gxj/PvUGveIbXRoQHkVrlhlI8/qfQVEZe6TUTc7E2q6nDFIbVmICJuYL/e/hz+p/AV59qSvu3N0bkH1qve+I0Ys8kmSxyzHuaoRapdatcQ2tsjSM52xJ6k/wBKyd5O5rGFlYr3TMXWGPmRzgD/AD2rb06xtLS1B8sPddWlPU+wHYVpw6GfDW671OxW/FxEQWXpF9Pb3+lX9FXQrjR9tw6Ldc+YXfaR6Ee1cuIxKoRcnFu3YL30RzN4cqcVz87NvIrfnAZmCncAeD61Ra1R2+YV0XKi7FGzvTbs8cn+qYgluwPvWukodQcgj1BzVaWGExeWqgL6Vkz209mwe3mKKWwRngVSaeh7GBzL2aVKa0Na7I2EkfjWTHMFvU9Nrf0pkt3f5CFEYNjDdDz0qmRO584kKVyMewP/AOqqUGetUxMehviYc4aka4BBOc4z/KsdXuFwrY3Zx+uP8a0fC9tLf+IrCGVWeIyK7qo/hHPPtnGfanGm5NImtjo06bnbZHtFhA0Gn2sJBBjiRD9QMVZXjPBxSZ/pSg+vP1r3z80bu7seoycAc5q5bK2RjPT1qogJIwOtadpGxAyBgipY4o0IAfLGTk1LSKMKBS1kbhRRRQAUUUUAcz4z10+HLSy1Aw+aguPLdc4OCrdPfiuY1r4naPHaKjwXQkbDBQgPB981rfFaEyeC3kAz5U6Of1H9a8H1ubzYon/uqo/Ks5wT1ZpTlZo9u0K/XU9EhvkQxrMzsFJyR85q04YyKFyN4P6dP61z/wAObhbnwbEoOTDK6EfU5/rXWWcSyXwVsZMbBfbkVzzW53c2lzFnWVjtdiRTPsayNHkspQEgq2CCe/8AOte/sWjZjjiqIO2Zf9pcfiP/ANdc8VrqbqScdCaO61C3wsVwHjHZ+CT9cc1yninxDJZ3MkMlpHLIYRIr78cc5AGPUV1IzXF+PrbAsr4DKgtDIfryP5Gt4RTdmY1bxjzRG+AviC324aZcIsAnf/R3UFhuP8LjvnsRj8unqia9EhC3MbIf7y/Mv+P6V83eHJ49O8U2Es6gxRXK7s9hnGfwzn8K+lJdKhki4HOKc04v3TmXI9ZliPVLGbhLqLPoWwfyNVNd0+DWtImsmvprTzBlZ7abY6EdCCD+lc9eWr28pQjJByufWhY4ZEDBEIYZ5FRGTZq8Mt0zmtH0HxPouqZvfiErWUb8RhvPkkX02tnb+tdleakNWdIoEPkqwYu3BPpj0rB0rSURC3BOOnv361uRhVb5UHTIIGAOv+FfIZjn1WXNSpq3S/U3WHhDW92XdLvvskqw3IKxfwSk/wA/8a6UetcZdsy2oLMQccgZzXW2RJsYCwwTGuR6cV7PDmY1cXTlCrq421OTFU0rSXUnPSoZdrpg45qaoJW2qcV9IzjZh3kYUnaOeeelQ6RL5GqmM8LOmB9VyR+hb8hVq5G7dkAVmygo6yrwyNkN6EVxy0lcxvyyubGsw+dp8mByBmq/hoY0+XHUzH/0Fa0Y5kvtPSZVwJUzg9vas7w+di3UHdJM/mMf0qWvePRUr0mvMk1XzEgZ8nFckpWa5cEZERH4t1/Su11UD7BJXHWVuZJbghgMy4Gf90VjNXnYmtNrDu3V2JOhpKKlht5JtxXCqv3mY4ApbnkEY604DkZFLNF5LgZDAqCCO+RTc9KBjgOemQKekakBdzgf3Q3H5dBSxpuPFWFiIb+mKtJlxcou6Zd0uG2l/czRL5qjKt/fH+NS6rpqfZ/MiXBXsKrIjIVZCBIp3Kfet2ORbq2DAcMMEeh7itOVNHfRry3bMbwxPtuJ7c9HG8D3HB/TH5Vu3kLSQ7o/9dGd6c9T6fQ9K5hQdL1yNjwm/n6Hg/zz+FdgOla4aV4OL6GmIXv8y6lSN0uIFkT7rjPP8q554zY64jDhZCUP49P1xW7GPIvZYP4JP3qf+zD88H/gVUNegY2omj+/GQQfQ9v1rOtG2vYKT15e5UncvKcgfnSRtsbO4he4HOamlZZxHPGMJIoYc9jURViBhSc8DA6n/OK5pJqRqnoLJdER/u/kJPQDp9KfpEvk6g0bHidf/Hl/+sT+VCxIoVghJwTkkcED0qqXaKaOZV3SK4IUdWJOMfjnH4002pJsTSaaOmcZU/SuI1XLXYUcnzBXbn/V59RXF3CmTVlUdnJP4Ka1qFYZ2uO0eUJrNmDwXdk/8cY/0rtT0rz+JjFfQTjjyJPNP0Bwf0Y12NxqUUMJO75h2p05JRDERcqmhheJrza5QH7gz+NQTWJs7NB12qAT6n1qndyNdX6yP9wls/8AfJx+tdJrEYWwz6Cote7NebkcYGRpfz3K5GcIx/lV690ix1MKl5aQT4OAZEyR+PaqWjj5pWPQKo/mT/SthW5Ht6CpppWM6z99mXH4E8Mz4WXSLZivcAg/oav6ZoGlWpaaw0+3t05SNkQZI6Ek9Tn+X1q9ITFp87oSHK7UJ/vHgfqRV5Y0hhSNBhUAUD2rq5fdOZyd9ynqESHTZVKg7UJBx9046ivDbyZ5b64kZdrNIxK+nPSvfXUOhRhlWGCPUV5j4i8E3ovpLiyTfG5yRyefXgfn/nHDiE1JStobUZJN3ONWStrU/Dk9hp4vPPiljwN23tn09RU9j4H1W6lUSJ5aHqSDwPxAFZWswNY6hLZqziJNuELEjOBn9c1w1HUlUioOy66b7dToUk9jOPWkdFdSrAFT1BpaK6RlT+zoMY+bjp83Sg6bHsyA+0HGSTj1x+lX4YJbiVYoULu3QCu6k8Gyx+EyP+WxPmsD644P06j8c1E6slpHXv5LuN1Wt2eYS2GBuDE855NdV8OJFg1S8tzgGWEEE/7J6fr+lY7oyOyOpVlOCpGCDTtOu/7J1e1vgSFSQb/908H9K6aFXlqKQq16lNxZ7AR60g9P605GDoCpBB5yO9JtINe+eCTRYPXtWpanKqv86yohz1GAa17eMOgOMEVEi4F4dKWmoMKBTqzNgooooAKKKKAM3X9Ij17Q7vTJXMazpt3gZKnqD+YFeMXvwh8QLJ5RvbBoe0hZgcf7uP617zVO9+7gDmplsXDc4jwz4Yi8LaObRZmnldt8spXbk+w7CtWKT7PcRTk8Rvluf4Twf0Ofwq3IuTg/pVcqMEOBg8HPcVzvc7VrGxu3ECzRFcDJrkdQia1m3MDhG3fh3/TNdPpVwZrMRucyRHY3v6H8R/WodWsftMJZR8wrKa6ozoz5ZcrMHjGe1Vr+wttRtHtrmPzIn68/kQafa5VDE33ozt59O36fyqY9qE+qOxrozmbHwLo1nei6KSzuDuUTNlR+AHP416Xpdx9psIyT86DY31H+Iwfxrm16dhVzTLv7JdDef3UmFb2PY/0qr33OerTXL7vQ0NYs/OhMij5lrnYDhmj6YO4fQ/8A1812rKGBB6GuU1S1NneeYqkr1GO47ip2YYed1yMgIktyZIsuDyYyffkiorTV7S6RZ44pcM7LkofmxnOPUdakvpQNNmkQj/V8Ee4qTTYhb2NrEvRI1HHrXjYvJMPiarl8Le9jbntoT2trNq1xtkQpZqQWLggyD0H+NdfGqrGqoAFAwAO1ZljgR4wa1F6V7GXZfRwVLkpdd31Zw4iblIWq9z8q5FWKguBuUV3vY5nsZMxDPk9aoXDsFKY46kVen+VsDNUpvnBLHvXJMwkX9CcmwaI9YpGX8Cdw/nj8KjsV8jXrqPtLGGH4H/7KodOmig1BURyROu1gRj5gMj8MZ/SrN8Ps+qWd10Ut5bn2bj+eKjsztoyvGxY1X/jyauWt7gJbyouTIZG6jhQQAfqTXVaq6R6bPLK4SONSzMxwABXl3h7xTba1qN7bx4QrIWhz1dMYz9eM/jUTTvdCrv8AcWXc6aK3mlyYonfb1KjOKvw7PssMbLkEOxUjO584A+vT86q2jt5iw70WNyM+YMqD6057mRVeMMMlyTIv8XYY9qUbJXPPVlqF2oDpHkZjQKx9+4/DpUC0KucHFWGhjSKNlfe7Z3rjGMH1pb6i3JIeEBUDjrzT93tj6UyJjsOenWpTtZ8qNvA4HOTVrYpE0Z3jHp71fsmaGbaf9XL09mH+I/lVC3+XjP51rJD5sBUEB+qn0bsa2grm1Pcpa5aebAJgMleG+laOkXRu9OjZjl1Gx/qP8ev40qlbi3yy8MMMp7HoRXCaZ41sdO8ezeH2mRreUBVmB4E3p+IwPqKVNONS/RnZJqVO3VHe3y7UjuB1hbcf93o36c/hSXESzwPGejDFWyAykEZBFeQ+M7vW9Jvp9KOoXAtpV32z7sbk7qSPTp+XrW9SHMZRdjpPDeu2eqyX2nxuGexmKMN3Vc9R7ZyPwHrW+IxjZl12fMCOuec4/SvnLSNWu/DfiOK+gz97a6Z4cHqpr6GM8ksancygrnBJzz2NcsoqGjN782oxWYBgHIDdRmoet1ahTkmUkfgrH+lWQsX2Ys0hEmcBfb1qKPH9oWjHp5pH5qw/maxS1RdzSuJpY4dy9xyK5/TwZdSnZhnELnPvkV1cqAwsMdq5Szubaz1O4S4nji3wtt8xgueR61rJe8h05LkZBZLm6lb+6uPzP/1q1v7N8/S7d0JBSMKQfbj+lZGl3Ntc3F15E0coXaGKNux144rqNK50tc9mkH/jxrOmr3TKqzcZXRx8ykh1x8yn+tdVruBp+PXiueuwqag24hVLjJJwBzWv4ku44reNWdfXr19BQnaLLqa1IsraVGVsmYZ+eQn8uP6Voxpu61HaQeTaRREgFVAYjue9WkXG2qhHYwnK7bH6gfJ0hpf+ebpI30V1J/QVXfWoZZreKM/NJIAfbvWtGqy27RuAysCCD3Brz3XbK88PXQnVWktUdXikHPQ52n0Pb3roqqSSa2JoqMrp79D0IjAzSVUtb+K7sEuI2BVlByKmt5VngSRejDIqNOhFmtyWuS8T+Do9Xc3Nudk+D+NdbRWdSlGorMcZOLujxf8A4RHVTK8axbmQ4bCPx/47WlYfD7UJ2BuT5a9+Mfz5/SvRdQjlt3F9bKWdP9ZGP419Pr6f/Xq5a3EV3bpPCwZHGQRWCwt3Zyf4f5GrrStdGNovhWx0hAQoeTrkjjP9f88Ct7tilIpK6IU401aKMXJvVnJ694JtNTJlt/3UuOMcf5Ht+orz3WvBmrWlvKTCXQDO4KePrjI/Wvb8VheI52aGKxjwXuXCEdwM9f0rCWGitYu35f16G1KpK6Rznhaa5XSYLS9/4+IkABP8SDp/h+XrW+vQdKq6npZ09IrmDLCLBI9R3H4irce10DqQQQCD616uGqOUOWW6OPE01GXNHZksCsW6nk1s2oITms60UBwTkj+da6FT0rWTM4IfRRRUGgUUUUAFFFFABVW7XIzzVqo5l3JSew4uzMWZB0FVXQlhnPNaMseSBjvzUDR4GTjPasGjsjIoJeHTrg3JDGIDEqqMnb6gdyP5E1YHjLw9JA0q6nBsHXORj86ikj64rznxZoD6VPJqllHutJf+PiIfwE/xD2/lUqKejFVj9pE/iX4haZZ61bnTVNxblv8ASXAwNvouepzz+HvXW21zDe20VxbyCSGVQyMvQg14RfCIhgpyp5FeifC9b4aPcJcI4tBJm3Zu+fvY9un4k0SpqK0Ko1XJ2Z3AHFQ3byQwlo4DKem0f/Xq4B8uMc0oTbkng1Fjdu6OIk8e+ILa4a3jw8a8YZFDLjsCe/1zWJe+P9bu9Lls5JNkrOW+0sgLKP7oxgD616HqumQanYS2ky8OOGHVW7MPcV4/qVvfaTeSWl1aSkqxBZUJVvcH9awdKotVL7zzatKpTfNFnUeD/EBbRptL1BySoP2eXrvHXafx/wA8V3wvrax0qC6uX2QlF5A9RXhGnSXUN0JWnjsyuWjkkzk46AgZ69K63T9J1vxna/aI4CtnbhIVIzmZiwBGewUHkjjAoU58zsk35FqvLlfVnb3fxP0mxdI7RGuH3YkDHaAPUHmup8O+M9K8RObe2Z0uQu4xOO3qD3rF0H4YaTpzpLeD7WVUfI4+Td3OO46YH+R1uk6LZaLbGCyhVAx3O2OXPqa6qSrXvK1jC827s0Ka4yKdSEZFdQzIvEIPFZ0q7ecc1s3MRzn3rLmTn2x6da5ai1MJIrMYltiVfEpORgcgg/Lz6A8+9ab7NY0jIGC68jPKsOo/Os/yGkIEY56VQ1DWH8LQtd7FuIHcLKgYgxk8Bun0B/Cs0m9C6M3GRxOvX2oW7zabrF1cT2cpIjldycexHTIrgHtbrR9TSezkbO4GN4zzmt/x74svdTuTElvHb2rkMwU7ix7HP+FdB4U0TS7q0ttWieWUgf6qRgRHIOvb8s1pJ2haR0VpxjqtjrrCKWaCL7QQJFiDSkDgHHOB9ammhMTqS29CMqw7irVjC22RgoIYbBkjlsg4/SluXEkbMVK5kyqnr05/XFc/L7tzz7aFu3nj2sEaPy+yByhUe/r9ar3BiY8fO/dh0P6c/WqqqcdD071LGvAOPyquZtWKvdWHhdxYhNqjnA6CnjCA8danZhGjxhgVICqAc56Ek0xF3LgnrVWHYEIyMZ/Otayk5Ge/pWdHCQR6VftIysgrSne5cdzj/iJbX9ov2uG5nXTph5cyI5Ajfs2PQ/z+teI6lZvFLvBy6HIYdxX1dPbxXVvJBPGskUilXRxkMD2IrkIfhh4bivDO8U86btywSyZjX2xjJH1JrocbnQmaXga5vbzwZplxqDO1y8WSz9SMnaT+GKn8S+HrPxHpptrlSrod0Uqfejb1H+FbKqqKFUAKBgADpQehp20sLqeXaR8N7fT9SW91KdLySNsxRhNq7h0J5OT7fzrsvLLEkKcL1PpV6aPLEj17VWCsGODtzjjpXFUTb1N4uy0K23aScAk+vUe9QXGYY/Nz/q2WT/vkg/0q8UIJPqarzIHDIeQw54rJqxd7m62Cn1FeP/ENzDcRKON8Uw/Va9H03X9Nls1jkv4EnhHlzLI+0hl4PX3FcRrdppPjTW3srXVP3tqjsWgAdfmKjr0P4Gtr2kpMmHwtGJ8IpC1hqSE5bzUJ/I163pDf8S1h6SSf+hGuV8NeFLLwzayRWjSSSSsGklkIyT246CtCz8UaNYW1zBdXqwvFM6sGRuOfUCojrNtBPZHO+M7gQ2FySeXdUH55P6A1wfgWyl17xos0pZrazPnEE5AIPyj8+fwrtZV07x9LPaWN+4jg/eNKiHAY8Ac9eN1b3hLwlaeFrOaCCV55Jn3ySuACeOBgdB1/Oim7Qa6s0qu8vkdDGMjv+FW40BUdhUMaED04q3FHwta04mEmTxLsTpXlfjT4mXVrqUmn6NHAY4m2yyzJvEhHUAenavVwPkxXzp4n0HxFoV9OL3SnubMOTHdRLuBXPBJHQ/WunZGaVzS034ivHcmCW1W1jl6LEcxhj2A/hHtzXe+DvEq3M8mn3DgNktDz1XgY/A5rz34ZW+l6prt19r2gxwHy1k7MSBkfhn867a98EXNtdreaRMuUO5U7Vx1FaV4nZTkpQ5ZnoeKSuYsvE8lsVt9Xt5LebplwQp+jdK6CC+t7hQUcHNNNMxlTlHcnPNYEjHQtUVxn7FdN8y9o3Pcex7/n610HGKx/Eiq2kSE4+Uj/AApS01HS1lyvqbCsrqCpyDS1x2ma3JbwIsrbj0OfUVc1HxRFaWgkLKpPUntS9rG2pbw072RuXF5HBDPIzACJcn8s1g6WW1nVZLyaEm3iBELHjPzA8fTBrlItfn1u7e2UFYWO9ie4z/gMfjXf6GkMGmRwxYAXtmkpczKnS9lC5cuYhNbvGR1FYNouy0QEfdyv5HH9K6KWRIo2kcgKoJJ9qybaAtCuVIYjJHueTXVh1aTZxVXeNixaDB5HOO1acYGM1Uhh244P4VdUYrokRFDqKKKkoKKKKACiiigApGGRilooApyRnOaieHcp4rQKg0gQVPKWp2Mb7Md3I69MUx7MeU6uoKtwQRwRW0YVJzSmMEYI4qeQv2zOGbwhoXnef/ZNqHzkHyxjP06VeEAXG1cKOBjtXUNbx4Pyis+W0xnaMc1EoM1hWRlFcKBj9MUjIcds+1X/ALH84+Uke9TrZ/IPl/IVPIy3USMS8nistPlubgkLGMnPf2ryiHSNe8W3NzPYxO8PmfMTIEBJ9yf5V7Xf6Bb6tCsN2rNCHDFA2A2Ox9ua07WxhtIVhgjSKNBhVQYAFRPDuo9XoctaXO99Dy7SPhVGswk1LyjG4yYo2JZT6bq9N03TLbTbJLe2j2Io6k5Y+5J5NXAgBzjmnVvToxp/CZ6LYKKKK1AKKKKAGOgZazZ7f5unFatMdA/UVMo3E1cyWtsoSOo6YrN1K3F9a3FncLmOZCj/AI/1rphCMYqCW0V2yQOOlZypvoQ49j5r1mwu4bx9JuIJGu4mMaqEJLjsQO+a9K8DeF77Q9BIvlZJp38zyifuDGBn37mvThbJ94ou8DAbHOKhntizKQOBROHMip3cbHMSWroSD/8ArqSJJbhlVvmKjA9eua3zZvngADsKfDYKj7xWSou5l7MyfsThMEcfrS/ZmTJxkdq3zCuOAKZ9mVlwRx2rT2JXszF+znaCBU9tbktyDn6VopaheOoqZIgnQU1TGoFZbYdhVmOJU6VJRWqikWlYKKKKYwoPSiigCsy81GYRu3VZK80BazcblXKEsX1yKoOp3Ede1bLxndnGR1qpJalnGMYJzXPUpt7GkZHkfi60fS/EksgBW3v49w9N44YfyP41kfDOQW/ji5hY/wCtt2A9yCD/AENeveI/CsHiDSvskztG6t5kcqjlGH9Oa5zw98N7fRdXXUmvJrm5QEJ8mxRkYPHOeD61T+Dle409bnUlDjAGK8M8S3m671dQf+Xyb9GIr6JNopCnHA7CuT1H4Z+HNQ1J7iS2nUyuZJFjmIVmJyTjt+FFODg22JzTOa+EFj5Phq5u9nzz3GM4/hUD+pNekwR7sj6cU7TtJs9KsYrGygENvEMKgz9e/XmriRbCaap63E5jViHAxz9KnVQoxSAc0+t4qxm2FIQDS0VQjIuvDGjXV19rewhS5wR50Y2Pg+pHX8apvod7andp+oMQOkc44/Mf4V0dN281EqcZbouNSUdmcbfXd0E8vU7Ro8dJAMqfxFZ0beU+63cAegr0B4gzc1j3Og6bPIT9lCH1jJT+WK5p4VvWLOqni4xVpL7jIg1u5iXawLVT1PUby/j8mOPczfdjB++3YfStoeHrJBwsrcd5W/xrRsdNhgXMcSIfUDBP40RwtR/G9BSxVNO8I6nndvoHiPzQJY4FA5/1vBPvjmtOXwjHeWw/tC6lknBypjO1U+g5z9T+ld61qN2VAqlc2zIchePQCt4Yakne1zCpiqzW9vQ4SHwxe6fKTbXsTj0kjKn8xn+Va9raawCAJYEPqrMf0wK6GSz3DKryBirFtZsifNQ8JQ3t+LF9brvRv8EZsVpcyBftV60oU52gbVz2yO9bEcWAMUptx2GDU8a7V561rGMYK0TJtyd2NjTB5qUUUUDCiiigAooooAKKKKACiiigAooooAKKKKACkKg9RS0UAJtX0FLRRQAUUUUAFFFFABRRRQAUUUUAFFFFABRRRQAUUUUAFFFFABRRRQAUUUUAFFFFABRRRQAUUUUAGKMUUUAGKTaKWigBMCgKo6AUtFABijAoooAKTFLRQAgFLRRQAUUUUAFFFFABTdi5zinUUAN8tc5xTqKKACmlQadRQA3YMk4p1FFABRRRQAUUUUAFFFFABRRRQB//2Q==', '1', '2021-02-05 15:58:24');
INSERT INTO `tb_advertisement` VALUES (3, '题目三', 'data:image/jpeg;base64,/9j/4AAQSkZJRgABAQAAAQABAAD/2wBDAAgGBgcGBQgHBwcJCQgKDBQNDAsLDBkSEw8UHRofHh0aHBwgJC4nICIsIxwcKDcpLDAxNDQ0Hyc5PTgyPC4zNDL/2wBDAQkJCQwLDBgNDRgyIRwhMjIyMjIyMjIyMjIyMjIyMjIyMjIyMjIyMjIyMjIyMjIyMjIyMjIyMjIyMjIyMjIyMjL/wAARCAEsAiwDASIAAhEBAxEB/8QAHwAAAQUBAQEBAQEAAAAAAAAAAAECAwQFBgcICQoL/8QAtRAAAgEDAwIEAwUFBAQAAAF9AQIDAAQRBRIhMUEGE1FhByJxFDKBkaEII0KxwRVS0fAkM2JyggkKFhcYGRolJicoKSo0NTY3ODk6Q0RFRkdISUpTVFVWV1hZWmNkZWZnaGlqc3R1dnd4eXqDhIWGh4iJipKTlJWWl5iZmqKjpKWmp6ipqrKztLW2t7i5usLDxMXGx8jJytLT1NXW19jZ2uHi4+Tl5ufo6erx8vP09fb3+Pn6/8QAHwEAAwEBAQEBAQEBAQAAAAAAAAECAwQFBgcICQoL/8QAtREAAgECBAQDBAcFBAQAAQJ3AAECAxEEBSExBhJBUQdhcRMiMoEIFEKRobHBCSMzUvAVYnLRChYkNOEl8RcYGRomJygpKjU2Nzg5OkNERUZHSElKU1RVVldYWVpjZGVmZ2hpanN0dXZ3eHl6goOEhYaHiImKkpOUlZaXmJmaoqOkpaanqKmqsrO0tba3uLm6wsPExcbHyMnK0tPU1dbX2Nna4uPk5ebn6Onq8vP09fb3+Pn6/9oADAMBAAIRAxEAPwD3+iiigAooooAKKKKACiiigAopCwFAOaAFooozQAUUUZFABRRmigAooooAKKKKACiiigAooooAKKKM0AFFFGaACikyKb5gzigB9FIDmloAKKKKACiiigAooooAKKKaWGcUAOopuaUsB3FFwFopiuG6EVV1GZ44FETlGZtu4dRwT/Ss6tWNODqS2Q0m3Yu0Vhabrm+YWl6yrMTiN8YD+3sf51u9qVGvCtBTg7oqcJQdpBRSFgOpoDA9DWpAtFFFABRRRQAUUUUAFFFFABRSZFJuFADqKaXA60u7NAC0UUUAFFJketLQAUUUUAFFFFABRRRQAUUUUAFFFFABRmkY4FVpZ9nek3YaVydpFXvUZuARwRVCWc4zmq4nJ71DmaqkaP2gZxSi5AYc1mpIXmCbgCT1ousxsjKxw2eo5pcz3K9mr2NcTZqPzwOSayo7nKEEkj0pRNlQM8Uc4eysbCTBxSGXJ4rNikOzrT/P5xnvT5ifZ6mgslTA5rOSYbuvSrKTCqTIlEs0U1WDDinVRAUUUhbFAC0xnxSGQYqhc3BRsA9amUrCbsW2uAvWkN0ijczAAdSTWJNdiMZYk+gHUn0rI1LU2CfOwyOijoP8T7152LzGGGWur6IxnWUI8zNbV/FUNnGVgwzf3j/QVR8Ka89/qF0JnJLIG5Pof/riuCv7xppDls1oeDZmXWZiOQIDn6llrysPj61fExcnp26bHkU8dOriYpbf8A9WN4hyB1qI3IJwD+tYy3LD7tDTODggj1zXv+1PY5zcNyMcHmojMSTzWbHcErnP5U5LjI5p+0uPmNWK43HGan31jxvz1q3HMemePerjMakaCtmnVXjkGanByK0TLQtRvPHGwV2Ck+tSVia1cG1u7Zu0oKZ9xyP5mufGVpUKLqRV2v8AM0pw55cptAhhkHIpc4rnUu9p3IzRn1Q8fl0qyuquoxIokH95OD+R/wA+1cdHN6E9J+6/Pb7zSWHnE12kCiqsk3J5x+NUjfrOp8qQN6joR9R2pIQJA+T8xyFye+M/4V1uspfCSoW3Lgn55YY+tRySgDO7gVSCTF+BjqOvp/kVVZ5XIXY2WPA/z9DWUqzS2LUEa0Vyu87W4qtqEo+zOcj5CHz7A5P6ZqmI7mFuYmGPxoaX7RE6N/GCDWcqnNBwl1K5NbozNRhD7lP4GtDQ/E28/Yb9sTrxHIf+Wn196z5pPMtoZCeWQE/XHNYl9D5g3rw68g18th8fPB1dNuqPUdCNeFpbnpLTgnrQs3zda4zQtdaVUtrliWzhHPXP90+/oe/8+hScg9e9fVUcZGtFTieXUoOm+Vm0kmRzUvWs+KXcoNW4nzxXdCdzncbEtFFFaEhTGbFBeqtzNtOB1ppCbHtcBTjNNNxxwaznlLMeaVhIsauSNrgkYqrEcxcklZSM5BxmmpcknFVnlklAJ6KOeKiV8E4NOwrmk8uRxRHOV4zmqit8vUmlDfdG7b7ntSsO5pLNuUEVG0+elVEkI9aVm74pWHctCTNTI2QKpRtx1xVmNsAZNDQ0yxRSA5FLUlBRRRQAUUUUAFFFFABRRSMcA0AVZpetUZX3H/69Omcl8H15qFnwM/1rGTOmEbEbHnFN80xxui4ww5yOaQsDkfnUBb5sj6VDZslceHIfIYgg9RSSTM75dicDjJqHJJGFyT2HenxxK88aeaMsPm4+6fT3qbl2S1Y5WdSGHbvViOM3OZGcKWbj5e9TPZs0GEUDK9HXDZzVBJ5IAVRiM+mP896rbchPm+Hcl8wplc8g4PNCyZb3qo0hOOeM8806Jvzqbl8uhoKxHI9asLJUNrF5sfmOcqM4Hb8TUksRil2g8dq0V7XMHa9i9bPkYq3Wbasd/PStBTWsXoc81Zjqhmbmpqrzg4JpszZVkmI/wrMvLjCmSQ4VRkn0FXnGc5/SuV1+8xIlqMc/O/0B4/Mj9DXFiavs4Ob6HPVmoxbZHLfZLSnIJHyg/wAI/wAa53Ur0uSM1Nc3J2nmtjR/C8N1p/23UQzecMxRhiML/eOO5r5Cq5TcqszynGtjJ+zpnDyybVLGt3wQhf7ZckcMVQH8yf5iq3irw3Jp1s1xaymSBT86t95R6+4rovCOlTpoVuNoQPmRmcEZJ9B1PGPSurL6tFfvXLQvC5dWoV+Wa1NeKTayEHAB6irf2m2acs8bum0DPTJznp2FQy2UUSktI7kD1wP0qhaSb4znqpKk/Q4r08LmVLEVZUqfQ9eph50oKUupqNcwm32iDa+AA+fp/wDXqQz2vy+XCcbgWJbqOeKokjHJ/WkDrHkuQoHOelehzMxuay3MXnyMFGwrhRjGD+FPSTdzgDPSsZrsKuUXj+83A/AdaqTawsQOZj9E4H+P61yVc0oUna935Ezrwh8TOujfA5OPxqRb+2j4e5hX/ecCvN7rxADnagY+r/Mf1rEv9avPs8k0f3UGSegFZLOru0Yfic/9oKUuWnHmZ7Xb3UF3GZLeVJUB2kqcjNZfia0FzpqN3jlB/PK/1pfCtpJZ+GrFJs+c8fmyZ67m+Y/lnH4Vo3sRnspowMllOPr2/WvWr05VsNKD3a/Gx6tGbTjJ7nDWd8yym0uj+8Bwjn+L2+v86tSMV6GqOtWysUnUfK4Gf6VWttSKqIrk5HQSH+v+NfAUMR7WFpbn0Cjdc0S+8+WBOQw6MDgj8alh1R4WHnHKg5EijkfUf1FUpfUVDuIqqONq4aXuvTsOVCE1qdG108yIwlDJ1Ug5H4VD9olEflqxCg5H/wCv/PWufS5msXMkI3xE5khPQ+49D/OtiG5iuoFmhbejcADrnpj619Fh8bHEx5ovXqjhqUHS32JRPKvAkYYOcZ71LEksqSyptwh5BH3j1x+X86JbS5iPzQhv9xx/XFOt7gR2/wBnYFJCzMVPfJ/XtXNjMdGlTbjLUhLm2MWWcKXhOVKuSAwwcE5/rj8Kqt81bl7bw3Fu4kAyASrd1PqKo6fo01xZpNNcJGXUMFCbvz5FfM+2+syc9j0adWMIanPTL9mug3RH4PsexrrdIvjd221z+9jG1vf0NYes2LQRmJmDEqWVgMdP8imaHdbbmF/4ZPkYfXp+uPzr1ssxThNK+j0/y/yDEwjVp8y6HcW0pxj34rRhbpWZAO34da0oBj/9VfZUWzxJou0h6UDpQxwK7DAgkbbWfM28nIq9L8w96z5ODVozkV9jHcQOB19qMfjUjKyoG6BuKiZv85qiB247Cu7AJ5FLAoaUKVLDngGoC/viljYjkE07Bcv3KJGBsB5OM/Sq+/pzgUx2ZiWJOSe9EjIcbAQMc5weaSQ2ycyIz5RcD060eZ2NVC56cUqsc9OKLCuXFkGRgcelWVkBGPaqCtgZH0qeN6TRSZpQNlcVNVOCUE4x1q5UM0QUUUUhhRRRQAUUUUAFMkJCmn0yUZQikxoybjls5qq7kdDgVZuMEnr16VSZjkfXgVhI7ILQjDbe/Wonc9O30p7MM9c/hUBPvwKzbN0h0czwyh0OGU8HFIJWM3mk5bdu57mmE4HTrS9c5ycfpSuVZF9tRkZGRY1UNnue/XvVBjj0+tRlsH0HvRnj8O1DlcUYKOw7cTx296erY/WolUscKuT7VZlt2iTduVsNtcL/AAn0pIbstCxbXE0G50AOcA57elWEnec7mxkDGQOlUJbl52UuQSFCjtWlbXcP2dUJb7uCu3gn61rF30uYTVtbak9s2G5rTjIKjmsa3JDCtaFMKOa1gc1VE1QzVNVa4lCkjPNW9jBmbOxU5xnivPb+7Fzql1IDxv2D6Lx/PP513F1JuZwP8K4HwnZxa9qFxDPNImFaXKYyfm9/rXi5k24KK7nn4qMqlqcd2ylKwaRVY4UkAn2r1CSQbAqjCgYAHYVkTeENJjXnzpeOS0hH8sUt0JraA+VISmMYbkj8a+Qx9dwfsk9T0spwM6HM521sVtSnia4SN8NHn5x6j0q/DqMLrw4A9ziuWuJDnrSWqNczLHuIBPJ9q4fY+7vY+idGLjqb15qSPmGDMkh67QTgVWtFeKECWN1JYkllOOTWvb20NtCEiQKO/qfrVPVrpLWxd25yQAB1JzwK3y/GPDVkqavzaO/qcGJpxq0+XZLUZPcpCnzZLtwqDq3+ArPmvhF88hDuOnov0/xrOlvGBaWQ5lbrjoo9BWRcXbSsea+hxuLlUfJHb8z4zE43l0gaF3q0khPzGsyS6ZsktxUKCSd9kS7j3PYfU1rWunxxYeT95J6kcD6CvLk401qGByjF5g+d+7Hu/wBO/wCRTtrKW5IZ8pH6nqfpWudHW8ey05U+Se4QSD/YB3N+gNaOm2Rnk3sPlFbuk2gbWHnP3YE2D/ebr+QA/wC+qeXyeJxsKa2Wr+R9bDAYbL6EoU1dtWbe7OuXAAA6UtNXGMjpTq/QzhOX1GyDefbkfdOV+h5H+H4Vx88RikZGHIr0bVIgpS4HQfI/0PQ/gf5muY1nTt4M0Y5HWvznNMK8JjJJfDLVfP8A4J7OBr6crOfiuGtxtOWh9O6/T29qtEhgGUgqeQRVMjBINRiVrViR80Z5K+nuK5X7/qeja2xfqvaXJ03VoiTi2klQyDsMMOf89qmjlSVA8bBlNUdTAMPvTw1SVKomhuCqJwfU9HuJFZcj0rntXkKIrIcOpyDVTSNZnutMgTyXkmUbOP4scZz9MVFqAvmQvLDhfRTnFLFupUrJyVkefRpckrMpPqErHDOSK6KwvUks1+ZV2jGM1x5jYv061u6bon2hN08jgHoFOAKzqU42snY6qyjy6kWu3schjVTkjPPtj/8AVWHZTGKKRgeY8sPw5Fb2p+GQFaaC5fcB92TkfgR0/WuXtH81pUTq42j6kYrpw0Uo8sN00OEoOnoeqwAtyufzq8hK8nj1rLtpduABxnpmtFZQ20cZHcV97SkrHgzRoxkFARSSGiI5WnNXajnZTn+76VnMx34rRueR3/Ks6RcHrkmtUZSGOx6Z98elAgaSPehLZbbgdaYx5545q5bzZhYyBRn5BxjP+eab0JWpnzL5UrIcMR3xRFIEbcVDAdj0qSVglyGVTuUgEMM9KidzJK0hUDcecdKYh+7FMZxnjpT4kaRiqLuOM4FQufm49aYClsnB9e1OQ1GKevfFAibNSxv34qADnsPrT1OPSkUjRtueScGtBDlayIMscdK04AQuKzkaRZNRRRUlhRRRQAUUUUAFRy8LmpKhuSRHxSew1uZF4/7wEdetUD82cCrN0Tvx1qBSGyT/AD6Vzy3O+Csiq/ykjr2/WkGSpp0ykE/yqME5zzWbNlsK2Md6GOF7YPalI7Dt7UgXcMA0hkXGcCjHFLgqTyKVhgDP60hlvTHCyvGQ2WXI2nDHHOPx6VpXEp+yyFlfDKX+YBRzxtPv3rB5DZHBHNO3l2LOxZj1yeTVqdlYynT5pXJEZVZt6byQR1IwafE+HAz3qS0tRcK5L7SAAAOv1+lV1yjEeh7Utirp3RtRNv2YQKBxx3962IgAgxWJZsCq8HPrW1F9wV0wOCtoySs67QglxV9yQvFVpTmPkcY5py1RzyOeuAd5yRXm3hnUh4f8d3EE7bYnaSDPblsqf0H516RfTKqn646cmvMvFNtHc6g9yEAdgMhfbjJ/SvDzCUOXkb1OGtWjSlGb6M9RkvY3XcJFKnvms26u1nAgh+ZmPavM7XxLeWiCKaLzwOA27Dfn3rb8M+Jnu/E9pbzWwgt5Nyby2TuI4/Xj8a+RqZbWcnOTvY96jmWDcU4y1fSx0x0Zn5Y4NQPZ3GlyC4ixIo6qf88V08/7sle1Zt3MhiZT3rzvaTUuV6o9KFSUvQZFrFpJAsm4rkZ2kHNc7qWpfb9S2DiKAcD/AGj3/L+dc1deILmC8uraCGMrHK4Vzk9zWfFrD5klbhpGLEZzjNezhMu9lL2n3fM+fzXMaLpOjQd5Xs/Q6C+mVFJZgAKp29vJdEM+Ui7Du3+FV7OOW/lWafO3qi/1NdLBAFUcVriKipuy3DKsig7V8Srvov8AP/IbbwLGgCqAB0ArRtLVp5AAOKW1snncBRx610lnZpbxgAc+teRWrdFufTVKqgrII40s7UsRwoycdTVywja3gAcfvGJZ8f3j1/AdPwqugF1d7esUByx7M/Yfh1+uPSr/AEPH5V9Xw7gXSpPETWstvT/gnz+Lrc8rGlbPuHUVYqjaPhsEde9Xq+qi7owWw2RFkjZHAKsMEHuKwmiMbvbSclfusf4l7H/Gt5jhTWVqC+cgKfLKnKN/Q+xry82wMcXRsviW3+XzNqUnFnK6ppRVjJEPqK5+ZWUEEV3SXCT5ikXZMo+aMnn6j1FZ97pkNxk42t6ivganNh58s0e1RxF1aRwouXs5t6ZKk/Mvr7/Wp7i9W4jG3oRU2qaY0BIwTk4AA5NY8G9JWgdWUnlQwI+tdkFCpHnR3Ummzu/BAQ6XcDC7hOcnvjArduo0ZCpArz/SZL3TJ5Li3IO8ANG3RhWw/id3QhrOZJP9nDD8+KjEyc48sFc4auHn7VyWzI9UEVjN5jEKo+Y+wrWstVt/JX94BxXH3UV3rM374GODOSCclvrT49FEQxFcyxr/AHQTisHRgopSl7x0OlzRtI6LV9XR7doIHzJKNoI7e/4VhaFor22pIJpEaJTvRum49hj9fwqe3sY7c7sl3PVmOTVxGAOG6Vrh66w800rrqJ0bQcYnRQglhitCBj0rL0+cSKVbG9OpPcdj/n0Nblug3KRnBr7fCyjVipwejPEq3i7M0ISTGD0qQ8imJjGB0pzdK9VbHIyjeHb7n3rPVkaVQ5wp6mr9yMknrWW6kybQCSegFaxMpbiy7fNIjzs7ZqPnHXj61L9nkWATkfIeBikWIujvuA2DPPfrVEEPLHkk9yaCay9X1WPTIF5zLIcKB1HqaNJ1H7dbvubMiHBJ6kHof6fhWXt4e19l1NPYy9n7ToaiyOijy/kYZ+YdTntUZ61KmGHI4ppUDPUVsZDMcU4Hn9ab06/ypy980AOzjrTkbB/rTeetIDj8O9AGlbAkgngVqRAhBmsuycEYNasZ+UZGKykbRH0UUVJYUUUUAFFFQz3KwjH3nPRRQCVyaqdzPEnDyKv1NVLq8xFl3LMeiocAf1Nc/MVZjhVH0FDidlDCynq9DWuzEV3bgVPfqKrDBUnPHQc1jSwtjdExR+uVOKbHqjw5MijcPvqOAf8AaHvWMoWO36rNLR3Nd8Mc4JGc5qv0NOgnS5gEiH8PSrFmoMpUxliwwuMHHfoeKxa1sZfCisDxil29CDjHp2q2YbeNZvMYMysVGB19P1pjGBXYI7quehGc8/8A66LBzX2KjKeTTPcYrUNvbzTiOOb5TwMjBHOKzWG1mUHI6UmrFRkmJj3ope3uTmm0iiVGK8KcZ4OD2qZVyOmSarjp/SrUSYAPr+gpoiRoWiggZ6CtqIYQVipcxQPGJAcEhSR0XJwM1toNq4rqgjgrbikZBFZV7JhGXJGBzj0rWrJvYRNfQw/wtyw/2R1/oPxpVXaJzyVzlru5DW7uSwl3EBT2X/GuJ1HPnEMOvPNd94k0i6SSS5tY2lic7mVBllPfjuK8/ux+8OThh1B6ivksZTnGb5vvPAzOMk7NFEwRk5KinKirjaMEHII6g1LFHJM+yJGkc9FQZP6V1Oh+B7y9dZtRVra367D99/w7fjWFKhVqu0UcFDD1q0koJjIvFsotY/7QtpGJHyzRj74HGcH+lZmpeKYWhdbVZTORhNyEAH1r0HXfDVrqekx2lsI4ZrZf9Hx0H+yfY15ZcW0trcPBcRtHKhwysORU4nK6eHnz2un+Z9DiMzx2CgoO0k1vbUz4bby7dmI3Stkkn1rOt7RnuSrrhE5bPA9q3ailVxiSIAupyAwyDVQqtN+Z4OHxLhVUpd+upuaVYyuiMIzlgDiuntdJOAZTgegrntE8S/arn7KtlMs6ruYArjj8R6106X85XiAL7yN/QZry62ExtWXuQ/r1P0NZhRcOZTTNKGFIkwoAAqKW6ab93bnCfxS9v+A+v16VSbzJuZnLgc7QML+Xf8anQsTjPp1r08BkCg1PEu/l/mebXx3NpD7zRtVSOJUXhR04q8u1ieaz4SDHnv7Vegz1zmvrobWORMuQKFkBq7VS3GWHHAq3XTHY2Q2T7hxWZcM6EEDIHrWlJ9w1QuCNpzWVXY0gYN3Gk+CwzzkEcEe4PaqM8lzbQs6XBkCjhZVzz2AIx+ua1p4ypYsTjvWeYxJcRJ1X7xz7D/HFeDj6NKUHKpFOx3U3qcxfX93ctg24EinIKueD+VLbpcTgNdou4Hgj0rUuYgszHHeolVndURSzMQAo6k18nf7EYnsxcUroYFC9BSkKBk4+tacWganKcGBYh6yOMfpmt3TvD1vZsss7efMOQSMKp9h/U/pXfhsoxNWXvrlXn/kc1XG0oLR3ZlWfh2S4015nBjuG5iVuMD3+v6cfSsiSKSKZopEKSKcFT1Fei1VvNOtb9cTxAsOjjhh9DXtYrJaVSnFUtGvx9TipY6cZNz1TOEeJ4yQ4wR2pnfrXTSeFVLZS9kx6OgY/pimr4UGfnvSR/sx4P6k14zyTF3tZfedix1G2/wCBkWFx5V3ByfmOw49+n64/OurgfkcZ571Wn0m10/R7s26EyiMsZHOWJXkfhkdBVmywxAIyK+ly3CzwtNUpO55leqqsnJI1kGFHGKH+6TSr0oPSvcRxFCUkDJ5/rWfOnzkjitOVflYis2Q9T2rRGUiuZZDGI952Z6Z4pCF2j5skjkY6fjSORuqC6JFuwU/M2FU+54onNU4OctlqQk5OxyWugzyTXJztIxHnsg6fnyfxqhpupf2dqCSMf3R+Vx7H/OfwrY1oKZHiAwqrtxXIMxMKE/exz9a+MyzGTrznWlu3c+irUoxpRh0sesxMNoZSCCMg+1Gcmub8I6oLzT2tJG/fW5wPdD0/Lp+VddDbpNGrZ2gZDt6elfZU6inBTXU8CdNwk4spYpyjB/matNbKCFDDdj5iSNoPJ6/hUfkrhgZVDKwXHbr1q7kWGjp3pNvoasvZtH5hLqAuOT3quDxjOaLhYs2gIf3z61tR8oMisa1XL+pNbEWQtRI0gS0UUVBoFFFFAGZqGrpaT/Z1UmYqDlugB7+9UBcb/mLFieST3qzr+mNdxJcQjM0PYfxL3FZlojSRkrkgDNVE9GhCm6fMt+pHdSFmJqmTmrNwOarUHo00lERmCjJPFZOoOm8OhGe+Km1KUxLuV8Vy8+pE3KxRqXZztCjuawqz6HVTjb3mdJpF8sc32ck7JF456EcD9Dj8K2wc1wTXT2AVwoLqPvs3HHPGPw/Ku2tpftFpDOQR5iK3PuAa5uZNnLiqLg1O1kywB3wTSEgbefypgdM/eWpcA46UHGOjkZOUBD4+9UDdO1PCkA+ntTTkfWhjW40YA4pR156UD/OaTP8AkUhjwAcY7d6lik2uvoKhHtVm1hE9wqn7o+ZvoP8AIH41cVd2REttSS/UnT9jZ3MNx/H/AOtitfQdQOoaXHI5zKnySfUd/wAetZWoPuDZ71U8LXQgn2E4V3MbfXJ2/wCH408XiFh6lNPaT5fn0/y+ZNWjzUL9UdpVHG7UpGI+5EAPxJz/AOgip7m4FuikqzljtVV6k1myT3LXLusDoGAHzEds+h961rPSx50IuTNGmPDFL/rI0f8A3lBqtHPL/Epqyjbq57mjjYVI0jGERVHoBiuL+Jni6XwvoKR2POpXrGODjO0D7zfhkAe5rtq8O+KN+y/EOzZsGOzjhIV/ujLFjn9KqKuwW5yl/wCEPHlrZ/8ACQXIvF/5aGTz/nX3IByK6vwR4mTxcE0bxOpN2pEdtqC4V8nJCP2OcHGR29a7mL4iaH4q09tKsZNt9eQvGI5xtVCVOcmvMfBehS6j4h1qxRgJI7dysiHIWRJF2MD9ea0dOFT3HqFWKnTamtDu774f6jASbOaK5TsCdjfrx+tc7f6XfaW6Le2zwl87c4IOPcV69ol82p6HZXrrteeFXdfRscj881g/EG3WTQo58fNFMOfYgg/rivExWX0owlOGjR4WNyujGlKpT0a18jz3SAI9btphw27YT6g8f1rtxxiuHsP+P2Ej/nov8xXc54+tRl0m6bT6M58tk3Ta7MVTgVOhG7dzgCoFOOhwaernp1HpXpJnpI07bbs64461dgYoB0x71kRP0A6ZxjHatOKQMoXvit4M1izStZBkj1NXay7QMpx6da0x0rqg9DaOwMMisy9+Rc+hz1rUrO1GN2X5eBjk5qay901huY8zM2V/MY6VXtin9ooZCcMj/wBKViQ+Bnr3FV2fZcwueMPg/iCP6ivCxetKR2xRHeRr5jFemadoNuJdajJHEatJ+PT+tF1wxq34aYfb5x38vj8+f6V4mChGWMhf+tDtrSaoM6eigkCqWoatZaZAZbqbavZVUszH0AHJr7A8ixdorlv+EwuZiDaeGtVlQkhXk8uLOPZnyPxArW0nVpNSVvO066spF6pOo5+hHBoHytGnRRTJN+PkFIRBqTBdMuienlN/KoLf5NpwegqG+tbiaFlkuREjcHkD+dNt5JACxuLeeNcBjG3zDJx2z/ShblNJLc3om3Rg081HFwgHtUldq2OdldxyeOPasyYhWPXvWpK+3JHWsq7IYE1pEzkUm688e9Qn97dRIeiBpD9eg/mfyp+aS2+ae5f0Cp+mf/Zq8zPavs8BO3XT7/8AgF4VXqo5fVPmupfrXI3A8ueaM9m3D6Hn+ea6+/H+lyfWuT1hDHPHKOh+Rv5j+v518dlVTlqcvc+lrQ5qa8hdE1D+y9etZySImby5f91uP0OD+Feq7toIzgHtXi0ySTlI4lLSOwVAOpJ6V7DDKRbxi5Bjm2ANu6Zxzz0r7PBYmnH91OSTeyPCxlNu0kiyxyOgz2pjEIBlgPqajZ281IIgDI/PPQL3Jqd7SJYyHzK5GCzf0Has8zzuhgPda5pdl+pz0sPKpr0DJPUj8aFPaq0MjeY8EjFnUBg394f41MTjNelh8RTxNKNam7pmM4OEuWRftG2vkflWxHIGOMVz8D7T14/Stm2ccAjBq5IuDLlFZl7r+nWGVlnVnHVE+Yj/AA/Guav/AIhxQ5FtbZ9DI39B/jXNOvTho2dEaU5apHcVGk0coJjdXAO07TnB9K8b1TxprWrM0EMpRSCSkXyjHv3r0/wxpj6V4ftbabm4K75j/tnkj8On4VNLEKrJxj0KqUXTim3ubNU5bQLveFBlhyvTP0q5RXQZJtbHF3z+VIVcFW/uuMGsee9UfLyDXo89rBdJsnhSRfR1zXOar4O0u5+dDNbnuEfKn8DUzcuh6tDHQS5Zo88v71J43K/Oi/3s/wBK5wXaS3gWztW+0BG2oFbDHp/F04zzXQavoF3puuwWNhI863C7lLLwuCc59gMH8a6PTvD8dnGMgNIR8746n/CuJQqTk77HtuthlTThq/mc7Y6DNdW4GpybieTHGcD6Z/wrpLWxt4IkjSJdqDChvmwPxq99j29qd5W2uunTjBaHPUruq7ydyIIoGNq/lSeWg5UbD6px/KpCMU0nFamdkyL7Y9udsi+Yn94DDD/GrIkWVA6MGUjg1m3JyDVWC7a0nAcERvywPp/eFctRRvZbkTw6teO5stx+VKMe/wCFJkEZyPXilHHX+dYnMOHt+daViNsDyHGXOBj0H/181lOW24TqxCr9ScCtVmWKFUX7qjA+ldOHWtyJK7sVbx8kisHTpil3KgONzNg+hzxWtO+cmuftW/0kt/00J/WvF4ll/s8bb3/Q7oQ92zPSvO+0Wtlc44LAn2JUj+Zrk/Gfw4sfF17Bem+ubG6jAV3hOQ6+mPX3rotKX7Rozw7sFWYKfQ/eB/M0++up/wCwrq5tVxcpA7Ip5xIFOAfxFenSq+1owq/zJP8AA8Bx5ZuJHoWiW2gaVFp9tJPKic+ZcSmR2PqSf5DitLArxe38S+OpVEkuqoinkAW0f/xNaumeK/EcWo2wvr1J7dpVWQGFF+UnB5AFZupG56TyrEKLlp956nXiPxW0528Xhun220UQsehkUkY/l+de2npXN+LPDtj4l077LeqwKNuiljOHjb1B/pWsZcruefGLb0Pm4eHtQiunNzZz2rjOZJUIQH617R8ItAOlaNe6zMp23CiODI5ZFySw+rfyqtp/w9tPtsSatrF7e2sZyIZm2px645P6V2Ml6fMFtGVFrENsaxLhQB0AFX7WMVdG/wBXnN22NbSIvsml21scbo4wGx69/wBayPHkgXwyyn+OVFH8/wClaNnKcDPFcf8AEbV0ItdPRslcyv7dh/WuHFTtRk31X5nn5mvZUJ+lvv0Oa0hPN1CFR/fB/Ln+ldnjFcx4TtmkaW7YHao2L7k9f8+9dOfbvXJgafJS16njYCm4UteuohODxTlI9Mmm54pRnNdh2l23wCCD14PFaNqckEg8jj2rIUtwR6YxWlYuXIXI9TW9N6mkHqbEBUMODk1fHSqUK7nHoO9XRXbHY6IhVDULmO2TfLIEQDJJ6AVDqmv2WlowkcySj/lmnX8ewry/xP4lutVc+Y4SFfuxIeB7n1NcWMxtOjHlTvLsc9fGU6G+r7HbHbcwrcRgMkmGDZ4INVJV3qyknJ7is/wXfNc+G9p5MLsnJ6AjI/ma036571wSalFS7nq4ar7Wmp9yrLMZYtzcOOHHof8ACjR7wWmqwyMcI/7tj6A9P1xTbqFmBeIZcDBX++P8fSsU3GxjnlDxzXz1alPCV41YbJ/0j1qSVam4Pc9OuGITIrBnuFBk3xFpCMIwP3TVfRfEcdwi2d0/70cIzH74/wAf51qPDDK2QRX1VKtGtBTg9GcMIeyfLURRtZpTtznIPPvXQ2zFk5qlBZqDkEVoRqFXFaxRniJxlsPoqtdXsNo0IlbaJX2Ak4ANSm4hAyZFx9aq5zWZR13QdO8SaXJp+pwCWB+nZkPqp7GsfQvC+keGIV0vSISo3CW5mc7ncj7oJ+vOPQH1rUfV0vC8OnSxyMrbJJQciM+nufaltVW3UgEtkkknksfUmhSHyvqa8LZXv6VKTxVaFiQCKsMM4zXZB6GMircDrkday5hycmtW4YIOenv2rKkcOeD9M1rExkU2Bz/SktMCe5X12t+Yx/7LTmHzYB7461Ch8u9jb+GRSh+vUf1/OvMzyk6uBnbpr93/AADTDStVRiarEUumPrzXL6xHvtZRjkDcPqOa7vV4BJFuH3lritSIXcDX5/g6j5k1uj6mk+eFiv4Kt0vPFFmGwRGryfkuB+pr1eSJdpBxXhnhbV5dN8UWDxRPNuJiKRrliGGOB7cH8K9me7uSmWtXHsWGf516Gce7VTktGtPxPNcXzFEvHYapxgJMoH+6Rk4HtyautdRshbcMCuc1C4M027kFT0PUVViug8qRSuPL3fOCeorx5U51FzN/1/wx2ewSimbdvJPcX32mKBni2FAxO0HkdPXp1q6XmRC8kaKFGeHJ/pU8MyPCrRkFCOCOlZmu6nDpumu8hyz/AComeWNejgc5xlL2eFoNJX7Xer1OCrh4VG5yWpcub+30+MSTNz/Co6t9K5vUvFNzcZSJvKixjah6j3Pf+Vc1c6nPeTNNM+Xb/OB7VUkuSTtGSx4AHevtMRi5T0WiMaOGUNXqy7cXzN1biqSJPevthHy93PQVZtdNedg9x0/uD+tb1raZKxxqPQAV4GJzKFO8aer7npU8O3rMm8MaKi31tGBuLygsx/iA5P6A16zXJ+HrIJqYPUQwkn6k4H6Bq6yvXyFOWF9tLebb/Q8zGzUqllsgqGe6ityokLZbOMKT/KpqparZteWLpE22dfnib0YdPz6fjXtnJGzeo/8AtKzH3riND6Odp/Woru4ikh/dyow9VYGuGh8UTxqovLduerJ698g1cTUtLvOS0IY9pE2n9a5aeMw9bSE1ft1O5YKUXe5shojGztzIxIHsv/1/8KrGdA2MADOOvP5elVGtrYjKxRY9QoqBraLsmPoSK6JRdkoux1wo2WjNJ5EJO3p71BIwqj5JX7ksq/8AAt3880F50++okHqnB/KrN1CxI7gVWknx3pkkyspKtn19qqATXLssEbyMBkhRnArKpUUFduyOiKSV3sTQob29itgceY2CfQdT+gNdDcW8Eg8p4kaMDAUjIArndKW5ttWhmntpkiUMGdkOF+U107lJFDowZTyCDkGvhuI67qzi6crqPZ9TlryvUVtjNlthaR7kJMKjkHkqPb2rRtLBRCJJhmQ8hT0X/wCvVG9uEjSNNwyzrkD0zk1prcBo8ggg1xUs2rPD+yrSvv6swqRloZ0kAgu4yB+63ZH+ycHH4ZqSZ+KL5gLSVj2UnNQs24ZNfUcM42eJw8oT+w9/J7fka049SrdSCKCSQnhQTWNYqd0YPXjNWtbnCW6wg/NI2Pw70zTo90i1ycTVleNPtdnWtFc7rw/8tnMSePN/9lWn3NxHaTmUnEEhxJ/sn+99PX8/Wm6YhXSdwHzO7HH0OP6VlXjvvdX/AA5r2cF7mCpRf8q/I+ZxFS1RtdzmtXtV06+kt8fu2+eJuzL/APW6Vl29u19qNvaxAlpJADjsM8n8BmumkWKSD7PcQie2Byq/xRn/AGT/AE//AFVNpq2OmlmtIF3EYL5LNj3zyKTSvc93DZsp0HBL3rHYbgR1qGWIOOTWQNUQjrTX1UAcGtOdHmqjNPQtTWiMaqtbpGe1VX1J26GsPVvFdnpysHl82btFGcn8fSolOK1N3N0o803ZGzqGrwaXZyXEzYVBwB1J7AV5NfajNq2pyXEmS8j5IH6D8BUesa9davcBp22rnEcS9B/ifeq9vdw20yxhWlmY4OzovtXFUbruy+FHHQwc84rLpRi9X3fl/Wm77HV2+s3Npapb2yRRxoMcrkn1J5qVPEN8p+byXHoUIP5g1k7gOpFRPOAcA1q5cqPtFkmAUOX2at8zp4/ETtgNZjJOBtlzn9K3kJKKSNpIzjOcVgaFpbJtvLlfnxmND29zXQr9cfSnR9o1eZ8Pmiwka3s8KtFu7t3/AOGJV5GBycda0rRfLKnA647VmISMdauR3SwK00h2pGMkn0rqg0tWcETdFwsGC/3jxgdTXOa54oeANFG+z1C9fzrIvtdmkkZg+1j/AHew9BXN3czTS7pGLZPJJrxcXmVWq3Gm7R/FnDisfaPLT+8S91KS4Yknj0FYl7IdhJNX50UOTHny88E1k3rbmWMetcFPWR40XKc7s7n4e7hpN4WJCGUD9Of6V0cgG4kevesjwzatZeHoARgzZkP49P0ArUJ969mLtBI+6wNNwoRT7CVi67DAkBmBKTkZwOjY9f8AH+dbVc14qDwpHcJIAWGwoe+Mn+v8qlwU1ytHq4OHPXjG9jjpfElm4KmXy2z/ABcD8DWrYeM9Utoxsb7VEOm8Fj+Y/wDr1zd1dRW7bltofM/2YxTrE3epsXnkKWq9UXjf+PpTpYaNLWDaPaqYOM58snf5fqd1afElJdym0m8xMbljYNj35xVmf4l21s/lyrdxtgH7gI56c5rzE3zjUVazQRQrlBtXr7mrbNK07G4hLpIvl/MvOQf0rqcmkYPL8PZ66o3de1e/8VX8EMJcpKwjhRzxg9WOD1/oK73SvCen6dZrC3mXJK7WaZyw98DoK888OWVzqviuFbaUxrb4keXgbVGBx+eP8a9iwPTj60qd2rvqeLiLRsonmVlLJ4K8crp/mE2F0QCDxw3Ab8D/AFr1XoBgjFeY/E1IiNPu43UyozIdrcjGCB/P866iTxTb2Xh+1vZm8yWSBXCZ6nHf8aqElG6MazXIqjO0syRhTV4j3rxIfFLxD/aUVvZ6ZZlpXCJG6OWYk4AzuFe1QeabeMzhRLtG/Z0z3x7V34epGcfdPOVSNR+6V7o7VzWQ3yv1OK2Lk8HNZM7Lux2z+tdkTOZVYnJ4qCVTIhUHB4Ib0I6H86nfls8fSmd8n9apxUk09mQnZ3RlanqflWzq8eJwp+Qng/Q+leb3mrzTB90PzEHGz1969N1RoPs3lzpFIzZ2LJ0HvXnv9jyj7Q8MLOIwZJCoyFFfJyyWhhasuV3vr5o9zDYuThe1v1N74T6VZpBeanMN98H8lQR/q1wDkfXP6V6Dcba8e0vWbvw/fG4tkEkTjbLCTjcP6Guqb4i6c0O5oLpZMf6spk/mOK8nNKFepJ8sOa5UYXle5rXtuk18EUAFutaUFnHbQqkahVH6+9eb2/jSca+txd25hsHG0E8sp9Tjt2rv4NWsrmATR3MbRkZ3BhivDxeEr4dRjNaWOmUuZJLoNvYJYh59odrZ/eqOjD1+o/UfhXmuq6nLqmpySM+6OMlI+cjAPX8f8K6Pxd4whhs2stLnWS4k+V5EORGvfn1rhUuFhg9W6AV7uS4SUaftasdenexk77Iu5ZmVEGXboK3NP0xYhvf5pD1b/CqGkW3PmSf6xuvt7V0sa8AKKWPxbk+SOx2UaKgrvcEQDAUVvaXZeUvmuPmPSodP045Eso+grbt7Zr6f7PHkRr/rXH8I9B7n9OvpXiwp1MXVWHo6tmeIrqMTT0CEi3luSP8AXN8v+6OB+uT+Na9NjRY41RFCqowAOwp1fp+GoRw9GNGO0VY+fnJyk5MKKKK3JOQ1nSIvtsi7AEkzIv49f15/GuYu9Me2Y4GV9a9Mv7X7VBgYEinchPr6fQ1z81usyEFcEcEHqD6V8HneBqYXEOtD4Ja+j6/5nq4TE+7yvocVHujOUZoz/skj+VWF1G8i6uJR6OP6itG700oSVHFZskJXqK4sPmNel/Dm1/XY9OLjIu2+rQTMEkzDIezHg/Q1frmZYQQQRSW2qTae4STMtv6d1+n+FfUYDPVUahX0ff8AzBxsbd7aeaheP5ZAOo71N4QdTLfCUhJAqjB/HpToJ4rmFZYnDow4IrL1B20+6S9h4YH5h/eHcGvSzGjKth5Knv8AmROPtIOCOslxvOK5q7D2124icqjHJUHgGtBdatJLdZUZjuGQMVnS+bO5l8p9p6EqcV+ZwjNTk5KxFGDT1IgSx5OauQXckA9R6VVEZB6Vsada7V81hyRxntRVlFLU3quKjqY9/q73H7jaUB+9kEZHfrVldTiMeWPNa93bxXMRjmQMvv2+lcLqySWN40UTM6Y4YjofQ19Rw5mFCMJUYxtLd9b/AOViKLhLRqw+5uTe6mTnKpwPrXSaZDtTeRnA6Vy+lQszgtySck16JoFj52yVl/dIc5/vMP8ACuHEQqZljeSPV/cjPE1VTg2bcUf2ayhhOMhQCffvWdqNujLlOo5rZmQMvTJrLvpFjhbC5JHWvupxUY8vRHzVTXVnPSAZ9ffNch4o12S0tn+zQbmUkbwuWBBwSPT6110nzH72fYdq4XxJcKuslbcAOqAsezH/AD/KuCTsduSYenXxXJON9G/+HOWg8ZavCig3UpOP+Wg3H9anbx3qjDH2gD6Rr/hWh/aVqw2zW5D9wFzUck1oo3G3Cg9AVGT9BWHL5nq/6t1W3bENfJ/5mPceKdRuxte4uHB/hU4B/AVS828lBEVvt/2m5ro41aT5hEsMfuOapXs8rgw2ykD+KQ9hS9nFvXU0jwrQXv16kp/18zEjw/mxvK63Kj5ZOuSe2Py6Vrafa3EcalYgjY+83Jqjp1nI9080I/1eNgb+Mc5P1zXTQT+YNrIUf0IrRtbI9zL4UnTTp/CtFbbR2KTxXHVpF/75/wDr1p6HJY29yH1CNmIPysOUHuR1/nUE/WoRntWNSTjqjpxOHVek6bbV+zPTI3SRFdGDKwyCDkGnAHpnivPre+uoEWFJ3WEn7oOMGtW3vlxhx+dYVcwVP7LZ+VZqpZdiXQqK/VPujskXPUH1rD8VXZs7OGINjc29gP8AZxx+ZH5VFBqRhOYZmHsx3D8jWV4t1EXemxs0e2aMkZXlSD/LoKFj6Vem4LSXmcLxdOrBxi7Mxf7ZLMc1LHeiVsZrlxdqTjvVuKQjoTg1yzo2RxVKVkdBLcKsLDOaraNYNrGsRW+7aHbLH0UcnH4Vns8kqgZCJ7969F8BeG7iANql1EYgy7IFkGGIPVsdvQfU1phaDlOxrgsM6lVK2nX0OimSNcKihUUBQo7VCwwanuY9krfNn3FQt6V3T3Z9rHYbjiuI8UXanUWRzxHjHtxmu6kk8wqdirhQvyjGff6155qNk2s+KZ7ckiFGJlI9Bxj8aic404ucnoj08rajVc5dEY1tpr6vI9wy7LSPJ6fex3rSayKW62kKfOy4wPU9a6O4gjtrJIIlCoWVcD0HP9Ko2pDX8ik4LRnH5issBWlieao9r2XyPSVeUYzr9UTeB9Fsop5LuUxymA+XHgZAcdT7nt+dW/GdvbXOmNesqrOjgbh1Iz3qrDavpm4WUhijdizKRkFu5rH8S3V8tkvnTqYmcD5EOR39favXk4qm4pHmuoqjdSctf60J/h8dOS71E3xjDBl2BzjPXOfX6Emum1PTodVMUmn3cdmuSoZUB8w46Ae3rXl+g2N1rUt9HDMkaKqq7GLg8nA9q7jSotU07TUsRNBIItwSRojkZ/H3rzMXha6hGrh6l5fy7W+ezOSCUqj5lZdzjvEcco1L7Km+eZUHCRnOR14rMXUJ7d44jlvK+6h4wfoa7JPDd8t491/arrK4wxWPHHPHXpzVA+B7dJvP+0TMW4YAADH610QpNw5ZrXuTi8uw0qbVGr1vaz7a6iaFqf8AZt8NTws98nKkRFwn07D61614O8f2Pih2s2U2+oRqWMR6OB3U/wBK8wj8Ji3Ysl1L5fYH/Gup8GeCLOa8XV4J7m2urWVWjdWyrjncCD1BHHHrXRhvaxly9DyHh61ON5Wt5Hpd2pcHArEkLKxyBmuhkXeMVhXilZTyTXrwZjNFbgg9TTTgZNHOScHNVtRlkg024ki/1ojPlj1bHH61Zmcr4p8XeHdBmH2uKbUdRYZFrFJtWNe249s9ccnmtjwl4r0/xzoGoafZ2QsJVjKGLjAJHB46/wD1q5/4daXoENvd3/iFrOW4vXLwvdurfJ756GtT4bWGmR+LPFFzpGPsAkjSEr93HzE49q86cU7y6nopcsbM5C8hkhupIp4/LlRtrpjGCKq969r1zwrpuu/POjR3AGBNHw349jXJS/DC43/utTjK/wC3EQf0NcMqMk9DeNaLWpwBUMMMAR71LZ+G5dQgurm3tiYbdDJK/QDHb3PtXfnwNpOh2M2o63qDSQQLvcKPLXHv1J/DFVtL+K/gttumLm0tWygLwlY8Hjn0z6mnCg+o3V09087ltUETbBz1qlAp+1jePu8gH1rsPEWhPo14DGfNsZ/nt51OVZeuM+v/AOusNokYEEDmsJxesWdFOrbVGppLmZ9qgHB6jpXb2EFvbxiWZhn3rnPBOnQ3kdxHNJIrQsMeXgZBz6g+lek6fplraFJIoFaQfxyHcw/E9Pwrz5ZBVxUubmUYP5v+vmFfMYx9zdkFnYXV9g7Wt7f++ww7f7oPT6n8q6G2tYrSBYoUCqP1PqfU0+M7kB9afXvYDLMPgY8tJavd9WeXUqyqO7CiiivQMwooooAKw72J21AtCPmMZLJ034I/Xn/PbcrHvGMd9bv23lTz2IP9cVz4qjCtScJq6ZpTbTuigyxzpkfQjuDWdcWAOcCtWC3W7ubllcxyjadw5B69R36VDcs1owW6Aj3dHzlD+Pb8a+BzHKauHvUhrH+tz0aVazt1OcnsGGcCsW9t2AIIruWVWGeCDWfeWcMqHOM15VLEuMrM7oVu5w1lqE2mXJAY+Sx+Ze31q9qd49zAR2IpbrT7cTssxkCn7rRjOD7jv+FEWnyLBsZg6g/Kw7ivu8qq1KlBK94/l5M6abVzV8HaOI7P7bcyNIZGzFEzZVAO+PUnNdS4Q8YGK5HTZp9OQx8vCTnA6r9K1f7ZgVMmQA+h4P5V8tm+Cxaryco3TejSOSpSlztj9VaG2RCSq565q9aXcUtuuGXIHIrmp1n1u5GVZLZeSWGN1SjQ/L/1N1Ki+ma7MPw1XrYdTb5Zdn2NHTTilJ6m1e38MERYtk9gOpPtXPrbPciR5VyZCSRV6DTI4jud2kb1Y5q4FUDAFfQ5TkcMBFuT5pP8hwtDYg8K6DbXNzMLq5kcxEMsA+UMvqSOTz2/xr0KONIkCIoVVGAoGAK4O1lNjqtvcrwu8K/+6eD/AI/hXeqcqM161KhTpXUIpeh4+YKSqXb0YEZGKxr9CHZDyuMmtqs/UIPMR2JAAXuKqoro8+aujmZYwhOec8V55q0RkljuByzDJPuef616I5Hmdfboa4nV4Tb3Dxdh8y/7p6f4fhXm1Fc9jhupGOJlF7taGN0GERd/94jgUxLZFcyN88h6s1TEgDJ4qhc35BMcC7m7k9BWLaSuz7HFYmhhabrV5WSLM5QLmV8KO2azZJReyC3gG2HPzEd6i+yy3L7pnLe3atS0tVhXgVxVsUkrRPgM54wdWnKjhI2T0u9/l2AxrblHVPkUbWC9cVb3QmATRuroehFNqjNZukhktm2lvvKehrHC4pRXJM87h3iZ4BLD4jWnffqr/oOmk3MaassaDMkir7E1A8N2/AiCe+7NOh005zIea6amJppb3PqMw4zwlFWwvvv7l/m/61LImimQrHuJ9QOlWkdioJGCRyPSoY7dIvu1ctEhkvIkuJDHCzAOw7CvNxFf2nTY+DzXOa2b1IKpGKa0TV1v3u2MEhHenO/nRMj85HetrWdP0i3tBLZXSmXIxGsgfcP6VgA4rkpzVRcyPMxWGnhqnJJpvydzATwzqGoajJBpkPnOFMgjDANjvjPXrWla+DvEZYRtpF9u7/u8D8zxVpL+TSNVtNSiJDQShiB3HcfiMivoGGRJoI5UOUdQyn1Br6XA0oYql7z1R6+DhHE0ryeqPJtC+GN48iXGqbbVFIOwNvkP9F+vNehNZxW9pHBDlI4gFQZzgD3rYkHy1m3UhVfrxXoLDU6MWonrYahCj8Bj3KZJP8XX61WjaPY4kQnIwrZ4U+tX59hDY2j0z3qNojbROCS3fAQ7T6jPeuOUdbnoqWhlTyiC3lmYEiNCx/AZrmNADz21xfyriS5mZunYEj+efzrstVh8xDGFO2RPLXj+8SAPyIrIe2S0hS3jGFjXaK8fNpclL2fc9DCSVmUNQXNtvH8DBvw6H9CaPD8FlfX11aTlTLhNvHzAHOcenOCT7VYkQSRMhHDAg1zcegv9oeR5C0hzh8Ywfb9K58qx9PDwaqd/zO+a56Mqd7XOqu/DV5JGwt5z5Q+YNIvBHruBxXL+JNKvLaxklnUS2yYG0xMysSMjnOBx6itC38T6pY7PLlR1PEgkXLE9CCwIOeP0qDXNeuNX0v7LISse9WI3MxJ4HU+2eB6mvpXiKEo6bnkxhXTV9jO8H2V7cwXE1na7IoiPOG0IAeuSd3pntXWnSNV8zBtce2T/AIVzuha1/Y77Ps4liPJzg8jcAeev3zkcdua23+IUsYEKadGtoq4B84rITnOcgYH5U4V6HKrysE41uZ8sdC3DpGpzqGS3UqRwwY4P6VPF4eu5pTF5kaMv3lI57H19x+dYj/Ee/CotjaW8eCDIZBu3YGMADGB+dVLnx7qrQhLZIbQgEbkGcAnJAGMfzqniMOupCp4h9DtrLw/aI7GdmkYDK+aQA/0HXrx0re0aPiVkUCHO1cLjOOv1wc88V4Xe65q3iK6g02W7UiWUYRECruP8RAHbk5+te+6RYQ6ZpFrZQAeXDGFBHf1P49a6MPVjUb5VojmxNOcEud6ssSfdz0rJuwDnj8a1pBlGHesedepH05FdsTgkUGHJxzTGERKLMQEMiAk9PvCpCOan0u3SQvIwDPvIyR0HYD8KKs+SIUoc0tT561TRora/lgluxEYJGjkiOQxI4DLgYYEYNe1/DPSI9D8LKr5Wa6czMrfeAwAoPvgZx712nlRkYZFP1Fcx4nXXbKe2m0HRbLUIW+WeIyeTIp7MGzjH4VxNuS0Ou6ejOpyDRVCxS7NlDJPGIJ2XLw+Z5gQ+m4YzVtXPRxg1mK3Y8u+MepSzrpfhqCUR/bZA8zE8bd2FB9s5P/AawfG3wh03w/4Rk1SyvZnuLYKZRLjbJk4OPTrT/i6kn/CXrOELmCxikVQM5AkfPFciPGniLUtOn0+9lF7ZzIY080E+WByWB9QK2itC47HYfCTU3urH/hHtWAutOuS4thJz5ciAMyD0BU7h6EGtDxl4ag8P3Fu9q7mC43YV+ShGOM9+tHgrw/LY6P4euChWaa/+0gY5CFSP1QZ/Gtv4n3Cn+zrYfe+eQ+w4A/rWOKgkrhRk3LQy/Ain7TeHttTP5tXpdiV2ndkk1wXga22WU856ySBR/wABH+JNd9aRbfTpmurCq1CNznru9Z2NGMAIMU6kXhQBS1oIKKKKACiiigArGvU33aIf4T5jewHI/XH61sE4GTWFazSXVtLKy4aQls98dh+ArKrJJGlNO5T0m4xrFxH2ZFx+bVuzwRXMLRSoGQ9Qa455jY6ok54XJRvoeh/MD866+0m+0WyS9mGRXHGzVmdNeFnzI47VbWPT7sx2kknByVDbR9OPrVGztri/mnLXM6RrgKPlJJPXOQfb860tWQrq1wGOfmyM/n/WpdIUeTIe5kOfyFZYTLsPVftakU37y116u2/Y9GDtRUupmt4ehMgeR5pSDkbmOAasfZlHBHSujjdI8EoGx2NUblEaRpMBAT0zxXqQpU6atBJLyCGIbdmZiwoOwpfIQ87FP4VqW2ly3LAsDFF3Yj5j9B/U02e0WC6khRcKDlR7H/6+aanG9kH1mLlypmeAF4AxS1OyAVGVFXc1UrjKSlIwaSgsiuFDxlD1YGu40+c3On2856yRqx+pFc5pdkLwXO/hNmwN6Mef0wPzrf0lDHpVshOSIwMio5k20eTjqik+XsXar3ShonU4OR3qxVa7QtE5B5xjFEtjznsclOmyZhjjPrXLaxZXF7fL5IzIx2Rj1HcfnmusuUMUmS3B6c1P4c0cKWv5fmaR2ZMjoCTj8P8APYV5FenObUYaamFHnjVjODs4u/8AXqeYWmlXN9q7adKrxmMnzeOVx/kUz+xmt53gdNrIcYr2x7C3ad5/JQSuAGcLywHTJrK1rw8l6ongULcKMf7wrHFYaUoe70PUzrEPMoJNWa2/X7zzJNM2jpTjZkDpXRyQvbgwzIUweQw71BJApHAFeQ6b6nx88I4u0tznWtyD0piRqsqGRSyBhuA6kd62ZoQPxrV0PwzNezCeZQkS8gMvU+/+FZeycnyxV2yaOBnVqJRWnfoYmr3Ol3EMa2Nq0UinltoUYx0681jkYre1fQrmxuZAsLGPOcAZKj+o96xG6471hCCguXXTvuRmEavtm6sUn5KyZHV+7vLW5t4IbewWB1xlw2S3tVJUZ3CIpZj0VRkmuv8ADHhSaaeO7uhtRTkDHQ/4/wAv0q40pVJqMVdhgaNas3Tgvde7tsvX/I5e8sbiwlEc6Yz91hyD9DVavarrRrG8QLLAp4x0H8uhrPTwfpKPu8kH2Krj+Vd7yvEJ2TT/AAPRq5JFyvTnZeZ5MNMn1LZHHG20ty2OMV7b4dyPD1ijHJjiEef935f6VmalZW9nabYIlT+da+iJ5ej2w9U3fmc/1r2cswzoXUnqerh8FTwtBKOrb1ZePSsnUPlPt6+la9Zl/ErtnPNehXV4m1P4jGLbxgJk8gUv2sJsTyj8v3ufzIH+NTW7xQbhIxUsfTIxVGdJFYuVdVYnDHv+NeZJuKujrVm7AjCbUIgAdmeB/uqcfyqrdxbpCafHMsF5A7uEGW5Jx/CaJrmNicMrHvjmvFzG0tzroXi7lB4tozU02mtDpUV4Qcl23fT/ADn9K0LDSpr6RZJVaKAc5PVvp/jXSTWkU1o1sVxGV2gDt6Y+lTgsqdSE5TVrqy/zJr4u0ko9DyLVLLy3adOYm5ZcfdPr+Pf86y4nUloyRtboff8AKu41LTJbGUxSrlD9xgOCP8/l+p5m68PwPKZYt0Tk5yh4/I8Vz0sTKi/Y11Zo74ONSPNBmQRg4qOQEoQOtX5NFuS2Vul/GMn+tWtL8H6lqt0I0vlSPq8nk5Cj/vquynVp1JKMHdv1Cb5FeRz0acnNQXU0UI6ZY8AKMk12t34EWy1BIm1Rp0xlwsewj26mt3TfCmjS2LKbTEiOR5wY7+x6/jXfHDTbdzCWIgkpdDkvCWnRWMv9oXO3z2H7tW5MY79+pr1fQNUiuU+yiQM6LuT3X0/D/CsOHwDppfP2q8A7qGX/AOJrf0/wxpumukkKSmReQzysf06VeCweMp4j2ras915eXocmLr4epCyvc1mGc1j3e6Nic8e1ak5IQ461lXTh1xX0UTyJGeSSf8KmsbgW15h+I5iFJ/ut2P49PyqAjnHNNYBgVOCCMEe1VOClGzM4ycXc6egnAyelYUGptbRBLhxtHCysfyDH19+9V9en/tTw/fWKl0kkjx8hw3UEgfUcV5s04OzO6nH2lmjpAQwyDke1BGRXA+ARcadcXVlJczSWgQMgmOdjZ6DPt29q70MrDhgfxqU7o0r0XRm4N3OL8ceGW1ma1v7K8+x6jaqUWTZuV0PVWHp/ia5jSvBG2ZLzXbiCS0Vv+PazhEaSt1+Y9SOOmK9OvYRIp5FYb2OZMZp+0lHY3o06c4+8zYgnguZ0lEaqI1wgx93/ACK8q8T6mdd8TSvBl41IghA/iAP9SSfxrT8TeLI7WF9J0uTzbiT5JJI+doPG1cdT2/8Ar1L4U8NPYhb++X/SSP3cX/PMe/v/ACqeSeIly/eZ1OSh7y+R0ek2Y0/T4LZQCUX5m9W6k/nmt20ZzL1wOlZa9f51oWZJkxj5c+terZJWR5ak27s21GAOaWmqMYp1ZGwUUUUAFFFFAEF6xSynYdQhx9cVEkKxptAwOlOv+bdV/vSIP/Hhn9KSZxHEzegrnrbouBxmsxifUmtl6Oyxn8Tj+tdnFGIolRRgAYrjbc+brMMjd5wx/wC+gP612tc8Fpc6sQ2rR8jC8Rae8sYvIVy6DDgdx6/h/X2rB0m8UCdc8hg+PTIx/Q13dcr4h0uKyJ1K1TZ/DOi9CD/Fj6/zqqXNTqXjs91591+v3+uuGr2Xs5HQR2UPlJvUlsDd8x61JHawRNuSJQ397GT+dU5L9I4XmaQYTnaOpHtV21uIbu2juIJFkikUMrKeCDVcze5yzUlqyWql9aNcKHiIEyfdJ7+1XDSUJtO6JTad0cpPIyyFJAyuOqt1qDfmutntoblds0SOB03Dp9PSqLaFZsePNT6SH+tbqsup308ZFK0kc8TUttazXkmyBcj+Jz91f8+lb8ejWMZyYi/++xI/LpV5VVFCooVR0AGAKUq3YKmN0tBFXy003TWWIZKKcZ6s3/1zV+2i8i2iiznYgXP0FZly7XF5FBGMpGwkkPv/AAj8+fw961Uzjmil3POnfdj6ZKBtOafTJBmM/StWZnL6rt88lT+GelaelyeXZWEbMf3lspA9wBn+f6ViXpfznJJwc4yc1oOUh0Ow1Ehj9lhWTAP8JTBriT95sihrJm4RTSQMZPWo4rqKZNysCAAeD/n0piyLLelQf9WmT9Sf/rH86bt0OizQ6e1guVxNEr/Uc1nv4b01zkRFP90/41rUVEqcJ/ErhYzoNC0+3OVtwT6nvWgqhVCqAAOgFLRRCnCHwpICKa3huF2zRq47ZHT6VnzeHdOnOXiJ/wB75v8A0LNatV7i9trVC0sqqB15qKlClU1qRT9UUrvRFS30DTbY5S2XPv0/IcVpABQAAAB0ArHt/EEVzdrGkLiAnHnNwCe34e9bQ5qqVOnBWppL0CScdGJRTsUxzgE1q1Ym5zniO6MVu23lsfKPU9q2tDuxdaXCGwJYkCSKOxA/ka5TWZfNvgueAalsL2SyuBMnPGHX+8KwjX9nU12Z2To81JW3R3FZd6WaRVTHPWpbfWbK5wqy7HPG2T5Tn+R/Cq94AJg2SMHNddWalC8Xc4oxalZlCWFVLc4I5qgzOQELEqucDPA+laUvKHB6HA96pIVWX94vGOOM4/CvOqLU6ovQbYwxzanAksauh3DDDPO010MOnWcLApbxhs8EjOPzrIgd/t1o8jqUD4UqeGJBHT8a3J9wiZk+8oyK0pU4Wu1doyqN3JSKSoLG+h1C0SeI8Hg/XvVjHvXS12MiKaGK4jMcqK6HsRWNP4Ws5GLRSSR5/hzkf4/rW7RWFbD0q38SKZcZyjrF2MCLwnZK2ZXkkH93oD/M/rUOpX6aNsS3VIo8kHjpwTn9K6QnAJriNcjW/vIYX5XzMkeuAazjQpUV+7ikdFJyqS993JdIikvo59Rnzh/u59O1aejKPsbOP4pX7+hI/pUd7cR6fpSwJy23JAqzZxG1s4YifmVRu+vU/rWkdGFWTaNOBiuMn8aszXUNrbtNPKscaDJZjxWf5saRGR2AVOST6V5/4n12S9l2klYk/wBXFnhfc+/8v57SrqnHuzCNLnZtat8QI43KWFtvA/5aTEgH6KOf5VzzePNQEpaSK1ZfQKw/XJrk57nJJJNZN1dFjtAbJOAByT+Fc/1mq3ozoWHp9UeraZ4w07Uplgk/0e4bhVdsqx9m/wAcVunivCE02+kw7sIV/wBrk/lXUw+LdXtbWKA3SuY1272jBY/U110sckrVDmq4O7/dnR+LbmWGSFXyLaRSqntv7g++MY+hrlbTWda0ZDHEwv7QH5I5TiSMeit6exqS+1y98QWH2G4EWzer+aFwQR0qERlIwjNkgda5q9VSnzRejPqMpwcauEUK0bWbs1+ZfXx3LLE+YWtnTr554H0x1pyeNtWktxLavDLGTt3oTwfpWDdpxkcg9e9R6fIIpZY+gZd2PcH/AOvWPMdyyyjFJNXNt/Eev3LZbUHjx/CgAFZ2va94hnskiF0TGTtk2Daxz6kdvpiphIpyR2JFR3G2SJ0buCKXMzaeX4eUOVRt6HV+AtGs4NIj1BrfN4xYeY/OADj5fSuyAz71V04RLplt5CKkRiUqq9ACM1bXHUivepwUIJI/OcRPnqyktFf7vIUYOQcitCzI83kDPbNUFBxnsKvW6kkcnnqBVMzjubCsDjHSn1DCm3p07VNWJsgooooGFFFFAFS9/wBZaj1l/wDZWNVtUfZYyY7jFWbvm4tB6Ox/8dP+NUtX/wCPM/WuatubUVeSOagHl+ZNjJjKn/vk7q7YYZQQcg1x9sAYnPrIf04/pW1pl+qWKQyk74v3efUDp+mKhWWh0YiLk7o1TxVC+eJ3W2kClZQUZT3B7U251OOOItu6VzQ1J7nV7RmzgzAfkCf6VnKS6E06TerILlJ7Kb7JOSdowjH+Je34+tWNO0y7SSSbStTeyMjbmhaMSwknqdpIIP0IrpNU0+K/t8MMOOQw6g1yttrT6JdmG/QlAeJUGQR7jtU/CzpVT21LltqjoLWy14zg3mqWxiB6QWxUsPqzHFbdV7K8g1C0jubeQPFIMgj+VWcVqkcDb6iVG8qoOtPYZFVJ7eR87aTuEbPcbJfKtUp9TYfLHjeentSSaZO5+8aoTWclldRF+VfIz79f6GpV29TqhCn3NvTUZVwMkn5nLdWNa4GBWfZMMKeMnsK0RXbDY46j94KimkCRsfapaz75WHzDOO/vTk7Iybsjnbxi0zkcfStrRWD6LbL1Cp5f/fJK/wBKyLhGDNwQPyrS0FsWs8OeY5jx7MA38ya4luzOi/eZjXEM2kXE++QLDMxSJS38Oc49jzWv4f3PHcyuSWaQDPsFB/rUHiaISW8ZZQwB6EZqbwuqjTJAgAAmIwPotKK9+x6U3ekmbJFNJCjJOBTnYKCSelc3rGsDJhibCr95qc5KOplTg5uyNO/1OG3s5XVxvCnH17frWe/iDyoVBTBAAZ2OATWFl58F2ZV/u5x+dIIY1bcEGfU8n86xc5PYzliaMHZK5en1y7uARCMD+8eB/iahs4Unvk+2uZS/Clvuq3bA/wAc9qi60pXIx/Kkn3Od4ypzXWi8jql06LYVZQVIwRViCUwBYZ2yw4Rz/GP8f8/TJs9ZzbeVcsBMvAkPAf6+h/z7VTv9UmQtE6cHsRwa25lE7IJ19Uzp2uEXqcfWqF7qkMUDYYZx61zUWp3Y+UnzE/uyHkfRuv55qG42TsSY5l9htI/mKTqXOiOHs/eIDM1xcNIecmrK57Ve03QnvbUSwyIikkfP1BHqB/jWhaaSYLjybjbuA3Ajow9RUOjJq7Whs8RTjpcwJwxhYY6jFdFpsxvdKgeT5pACjk9cg4z/AFqxf6fFJaMFQBgOMVm6BJskubduOjj69D/SinHknbuY1JqpDmXQnmYB8E8rVWUYXLAqTyAR1qe7z5rZBDfpUUcc108YYsyAhc5zgVnLV2JWiuVnnZEjYDiFg498EE/yrrhh1BByCODXOy28Ss74yCoO0Hhcj/HtWpo03m6aiH70J8o/h0/QitaCavFmdXWzRkahaXel3LXencpjm3xhW6dPQ4GKbB4sjDvFOjRuvZhjHGT+ldHMgeMgiuP1mKJ/3bD5WZc447iqldGlLlqaSRvaXrkWpXLwoMMoJ6+hrWrkNCSOPWYvLQLuV84GM9K7Aiqg21czrRUJ2RDcNst3b0FcHfXBGobl6ov8z/8AWNdhrM/k2Z55NcWkfnSSSnozYH0HH881nUep0YWOly/pyPd3ySTZKRYkbPr/AAj9M/gK3ZHzxnvWVph8uSSPH3/mB+gxj/PvUGveIbXRoQHkVrlhlI8/qfQVEZe6TUTc7E2q6nDFIbVmICJuYL/e/hz+p/AV59qSvu3N0bkH1qve+I0Ys8kmSxyzHuaoRapdatcQ2tsjSM52xJ6k/wBKyd5O5rGFlYr3TMXWGPmRzgD/AD2rb06xtLS1B8sPddWlPU+wHYVpw6GfDW671OxW/FxEQWXpF9Pb3+lX9FXQrjR9tw6Ldc+YXfaR6Ee1cuIxKoRcnFu3YL30RzN4cqcVz87NvIrfnAZmCncAeD61Ra1R2+YV0XKi7FGzvTbs8cn+qYgluwPvWukodQcgj1BzVaWGExeWqgL6Vkz209mwe3mKKWwRngVSaeh7GBzL2aVKa0Na7I2EkfjWTHMFvU9Nrf0pkt3f5CFEYNjDdDz0qmRO584kKVyMewP/AOqqUGetUxMehviYc4aka4BBOc4z/KsdXuFwrY3Zx+uP8a0fC9tLf+IrCGVWeIyK7qo/hHPPtnGfanGm5NImtjo06bnbZHtFhA0Gn2sJBBjiRD9QMVZXjPBxSZ/pSg+vP1r3z80bu7seoycAc5q5bK2RjPT1qogJIwOtadpGxAyBgipY4o0IAfLGTk1LSKMKBS1kbhRRRQAUUUUAcz4z10+HLSy1Aw+aguPLdc4OCrdPfiuY1r4naPHaKjwXQkbDBQgPB981rfFaEyeC3kAz5U6Of1H9a8H1ubzYon/uqo/Ks5wT1ZpTlZo9u0K/XU9EhvkQxrMzsFJyR85q04YyKFyN4P6dP61z/wAObhbnwbEoOTDK6EfU5/rXWWcSyXwVsZMbBfbkVzzW53c2lzFnWVjtdiRTPsayNHkspQEgq2CCe/8AOte/sWjZjjiqIO2Zf9pcfiP/ANdc8VrqbqScdCaO61C3wsVwHjHZ+CT9cc1yninxDJZ3MkMlpHLIYRIr78cc5AGPUV1IzXF+PrbAsr4DKgtDIfryP5Gt4RTdmY1bxjzRG+AviC324aZcIsAnf/R3UFhuP8LjvnsRj8unqia9EhC3MbIf7y/Mv+P6V83eHJ49O8U2Es6gxRXK7s9hnGfwzn8K+lJdKhki4HOKc04v3TmXI9ZliPVLGbhLqLPoWwfyNVNd0+DWtImsmvprTzBlZ7abY6EdCCD+lc9eWr28pQjJByufWhY4ZEDBEIYZ5FRGTZq8Mt0zmtH0HxPouqZvfiErWUb8RhvPkkX02tnb+tdleakNWdIoEPkqwYu3BPpj0rB0rSURC3BOOnv361uRhVb5UHTIIGAOv+FfIZjn1WXNSpq3S/U3WHhDW92XdLvvskqw3IKxfwSk/wA/8a6UetcZdsy2oLMQccgZzXW2RJsYCwwTGuR6cV7PDmY1cXTlCrq421OTFU0rSXUnPSoZdrpg45qaoJW2qcV9IzjZh3kYUnaOeeelQ6RL5GqmM8LOmB9VyR+hb8hVq5G7dkAVmygo6yrwyNkN6EVxy0lcxvyyubGsw+dp8mByBmq/hoY0+XHUzH/0Fa0Y5kvtPSZVwJUzg9vas7w+di3UHdJM/mMf0qWvePRUr0mvMk1XzEgZ8nFckpWa5cEZERH4t1/Su11UD7BJXHWVuZJbghgMy4Gf90VjNXnYmtNrDu3V2JOhpKKlht5JtxXCqv3mY4ApbnkEY604DkZFLNF5LgZDAqCCO+RTc9KBjgOemQKekakBdzgf3Q3H5dBSxpuPFWFiIb+mKtJlxcou6Zd0uG2l/czRL5qjKt/fH+NS6rpqfZ/MiXBXsKrIjIVZCBIp3Kfet2ORbq2DAcMMEeh7itOVNHfRry3bMbwxPtuJ7c9HG8D3HB/TH5Vu3kLSQ7o/9dGd6c9T6fQ9K5hQdL1yNjwm/n6Hg/zz+FdgOla4aV4OL6GmIXv8y6lSN0uIFkT7rjPP8q554zY64jDhZCUP49P1xW7GPIvZYP4JP3qf+zD88H/gVUNegY2omj+/GQQfQ9v1rOtG2vYKT15e5UncvKcgfnSRtsbO4he4HOamlZZxHPGMJIoYc9jURViBhSc8DA6n/OK5pJqRqnoLJdER/u/kJPQDp9KfpEvk6g0bHidf/Hl/+sT+VCxIoVghJwTkkcED0qqXaKaOZV3SK4IUdWJOMfjnH4002pJsTSaaOmcZU/SuI1XLXYUcnzBXbn/V59RXF3CmTVlUdnJP4Ka1qFYZ2uO0eUJrNmDwXdk/8cY/0rtT0rz+JjFfQTjjyJPNP0Bwf0Y12NxqUUMJO75h2p05JRDERcqmhheJrza5QH7gz+NQTWJs7NB12qAT6n1qndyNdX6yP9wls/8AfJx+tdJrEYWwz6Cote7NebkcYGRpfz3K5GcIx/lV690ix1MKl5aQT4OAZEyR+PaqWjj5pWPQKo/mT/SthW5Ht6CpppWM6z99mXH4E8Mz4WXSLZivcAg/oav6ZoGlWpaaw0+3t05SNkQZI6Ek9Tn+X1q9ITFp87oSHK7UJ/vHgfqRV5Y0hhSNBhUAUD2rq5fdOZyd9ynqESHTZVKg7UJBx9046ivDbyZ5b64kZdrNIxK+nPSvfXUOhRhlWGCPUV5j4i8E3ovpLiyTfG5yRyefXgfn/nHDiE1JStobUZJN3ONWStrU/Dk9hp4vPPiljwN23tn09RU9j4H1W6lUSJ5aHqSDwPxAFZWswNY6hLZqziJNuELEjOBn9c1w1HUlUioOy66b7dToUk9jOPWkdFdSrAFT1BpaK6RlT+zoMY+bjp83Sg6bHsyA+0HGSTj1x+lX4YJbiVYoULu3QCu6k8Gyx+EyP+WxPmsD644P06j8c1E6slpHXv5LuN1Wt2eYS2GBuDE855NdV8OJFg1S8tzgGWEEE/7J6fr+lY7oyOyOpVlOCpGCDTtOu/7J1e1vgSFSQb/908H9K6aFXlqKQq16lNxZ7AR60g9P605GDoCpBB5yO9JtINe+eCTRYPXtWpanKqv86yohz1GAa17eMOgOMEVEi4F4dKWmoMKBTqzNgooooAKKKKAM3X9Ij17Q7vTJXMazpt3gZKnqD+YFeMXvwh8QLJ5RvbBoe0hZgcf7uP617zVO9+7gDmplsXDc4jwz4Yi8LaObRZmnldt8spXbk+w7CtWKT7PcRTk8Rvluf4Twf0Ofwq3IuTg/pVcqMEOBg8HPcVzvc7VrGxu3ECzRFcDJrkdQia1m3MDhG3fh3/TNdPpVwZrMRucyRHY3v6H8R/WodWsftMJZR8wrKa6ozoz5ZcrMHjGe1Vr+wttRtHtrmPzIn68/kQafa5VDE33ozt59O36fyqY9qE+qOxrozmbHwLo1nei6KSzuDuUTNlR+AHP416Xpdx9psIyT86DY31H+Iwfxrm16dhVzTLv7JdDef3UmFb2PY/0qr33OerTXL7vQ0NYs/OhMij5lrnYDhmj6YO4fQ/8A1812rKGBB6GuU1S1NneeYqkr1GO47ip2YYed1yMgIktyZIsuDyYyffkiorTV7S6RZ44pcM7LkofmxnOPUdakvpQNNmkQj/V8Ee4qTTYhb2NrEvRI1HHrXjYvJMPiarl8Le9jbntoT2trNq1xtkQpZqQWLggyD0H+NdfGqrGqoAFAwAO1ZljgR4wa1F6V7GXZfRwVLkpdd31Zw4iblIWq9z8q5FWKguBuUV3vY5nsZMxDPk9aoXDsFKY46kVen+VsDNUpvnBLHvXJMwkX9CcmwaI9YpGX8Cdw/nj8KjsV8jXrqPtLGGH4H/7KodOmig1BURyROu1gRj5gMj8MZ/SrN8Ps+qWd10Ut5bn2bj+eKjsztoyvGxY1X/jyauWt7gJbyouTIZG6jhQQAfqTXVaq6R6bPLK4SONSzMxwABXl3h7xTba1qN7bx4QrIWhz1dMYz9eM/jUTTvdCrv8AcWXc6aK3mlyYonfb1KjOKvw7PssMbLkEOxUjO584A+vT86q2jt5iw70WNyM+YMqD6057mRVeMMMlyTIv8XYY9qUbJXPPVlqF2oDpHkZjQKx9+4/DpUC0KucHFWGhjSKNlfe7Z3rjGMH1pb6i3JIeEBUDjrzT93tj6UyJjsOenWpTtZ8qNvA4HOTVrYpE0Z3jHp71fsmaGbaf9XL09mH+I/lVC3+XjP51rJD5sBUEB+qn0bsa2grm1Pcpa5aebAJgMleG+laOkXRu9OjZjl1Gx/qP8ev40qlbi3yy8MMMp7HoRXCaZ41sdO8ezeH2mRreUBVmB4E3p+IwPqKVNONS/RnZJqVO3VHe3y7UjuB1hbcf93o36c/hSXESzwPGejDFWyAykEZBFeQ+M7vW9Jvp9KOoXAtpV32z7sbk7qSPTp+XrW9SHMZRdjpPDeu2eqyX2nxuGexmKMN3Vc9R7ZyPwHrW+IxjZl12fMCOuec4/SvnLSNWu/DfiOK+gz97a6Z4cHqpr6GM8ksancygrnBJzz2NcsoqGjN782oxWYBgHIDdRmoet1ahTkmUkfgrH+lWQsX2Ys0hEmcBfb1qKPH9oWjHp5pH5qw/maxS1RdzSuJpY4dy9xyK5/TwZdSnZhnELnPvkV1cqAwsMdq5Szubaz1O4S4nji3wtt8xgueR61rJe8h05LkZBZLm6lb+6uPzP/1q1v7N8/S7d0JBSMKQfbj+lZGl3Ntc3F15E0coXaGKNux144rqNK50tc9mkH/jxrOmr3TKqzcZXRx8ykh1x8yn+tdVruBp+PXiueuwqag24hVLjJJwBzWv4ku44reNWdfXr19BQnaLLqa1IsraVGVsmYZ+eQn8uP6Voxpu61HaQeTaRREgFVAYjue9WkXG2qhHYwnK7bH6gfJ0hpf+ebpI30V1J/QVXfWoZZreKM/NJIAfbvWtGqy27RuAysCCD3Brz3XbK88PXQnVWktUdXikHPQ52n0Pb3roqqSSa2JoqMrp79D0IjAzSVUtb+K7sEuI2BVlByKmt5VngSRejDIqNOhFmtyWuS8T+Do9Xc3Nudk+D+NdbRWdSlGorMcZOLujxf8A4RHVTK8axbmQ4bCPx/47WlYfD7UJ2BuT5a9+Mfz5/SvRdQjlt3F9bKWdP9ZGP419Pr6f/Xq5a3EV3bpPCwZHGQRWCwt3Zyf4f5GrrStdGNovhWx0hAQoeTrkjjP9f88Ct7tilIpK6IU401aKMXJvVnJ694JtNTJlt/3UuOMcf5Ht+orz3WvBmrWlvKTCXQDO4KePrjI/Wvb8VheI52aGKxjwXuXCEdwM9f0rCWGitYu35f16G1KpK6Rznhaa5XSYLS9/4+IkABP8SDp/h+XrW+vQdKq6npZ09IrmDLCLBI9R3H4irce10DqQQQCD616uGqOUOWW6OPE01GXNHZksCsW6nk1s2oITms60UBwTkj+da6FT0rWTM4IfRRRUGgUUUUAFFFFABVW7XIzzVqo5l3JSew4uzMWZB0FVXQlhnPNaMseSBjvzUDR4GTjPasGjsjIoJeHTrg3JDGIDEqqMnb6gdyP5E1YHjLw9JA0q6nBsHXORj86ikj64rznxZoD6VPJqllHutJf+PiIfwE/xD2/lUqKejFVj9pE/iX4haZZ61bnTVNxblv8ASXAwNvouepzz+HvXW21zDe20VxbyCSGVQyMvQg14RfCIhgpyp5FeifC9b4aPcJcI4tBJm3Zu+fvY9un4k0SpqK0Ko1XJ2Z3AHFQ3byQwlo4DKem0f/Xq4B8uMc0oTbkng1Fjdu6OIk8e+ILa4a3jw8a8YZFDLjsCe/1zWJe+P9bu9Lls5JNkrOW+0sgLKP7oxgD616HqumQanYS2ky8OOGHVW7MPcV4/qVvfaTeSWl1aSkqxBZUJVvcH9awdKotVL7zzatKpTfNFnUeD/EBbRptL1BySoP2eXrvHXafx/wA8V3wvrax0qC6uX2QlF5A9RXhGnSXUN0JWnjsyuWjkkzk46AgZ69K63T9J1vxna/aI4CtnbhIVIzmZiwBGewUHkjjAoU58zsk35FqvLlfVnb3fxP0mxdI7RGuH3YkDHaAPUHmup8O+M9K8RObe2Z0uQu4xOO3qD3rF0H4YaTpzpLeD7WVUfI4+Td3OO46YH+R1uk6LZaLbGCyhVAx3O2OXPqa6qSrXvK1jC827s0Ka4yKdSEZFdQzIvEIPFZ0q7ecc1s3MRzn3rLmTn2x6da5ai1MJIrMYltiVfEpORgcgg/Lz6A8+9ab7NY0jIGC68jPKsOo/Os/yGkIEY56VQ1DWH8LQtd7FuIHcLKgYgxk8Bun0B/Cs0m9C6M3GRxOvX2oW7zabrF1cT2cpIjldycexHTIrgHtbrR9TSezkbO4GN4zzmt/x74svdTuTElvHb2rkMwU7ix7HP+FdB4U0TS7q0ttWieWUgf6qRgRHIOvb8s1pJ2haR0VpxjqtjrrCKWaCL7QQJFiDSkDgHHOB9ammhMTqS29CMqw7irVjC22RgoIYbBkjlsg4/SluXEkbMVK5kyqnr05/XFc/L7tzz7aFu3nj2sEaPy+yByhUe/r9ar3BiY8fO/dh0P6c/WqqqcdD071LGvAOPyquZtWKvdWHhdxYhNqjnA6CnjCA8danZhGjxhgVICqAc56Ek0xF3LgnrVWHYEIyMZ/Otayk5Ge/pWdHCQR6VftIysgrSne5cdzj/iJbX9ov2uG5nXTph5cyI5Ajfs2PQ/z+teI6lZvFLvBy6HIYdxX1dPbxXVvJBPGskUilXRxkMD2IrkIfhh4bivDO8U86btywSyZjX2xjJH1JrocbnQmaXga5vbzwZplxqDO1y8WSz9SMnaT+GKn8S+HrPxHpptrlSrod0Uqfejb1H+FbKqqKFUAKBgADpQehp20sLqeXaR8N7fT9SW91KdLySNsxRhNq7h0J5OT7fzrsvLLEkKcL1PpV6aPLEj17VWCsGODtzjjpXFUTb1N4uy0K23aScAk+vUe9QXGYY/Nz/q2WT/vkg/0q8UIJPqarzIHDIeQw54rJqxd7m62Cn1FeP/ENzDcRKON8Uw/Va9H03X9Nls1jkv4EnhHlzLI+0hl4PX3FcRrdppPjTW3srXVP3tqjsWgAdfmKjr0P4Gtr2kpMmHwtGJ8IpC1hqSE5bzUJ/I163pDf8S1h6SSf+hGuV8NeFLLwzayRWjSSSSsGklkIyT246CtCz8UaNYW1zBdXqwvFM6sGRuOfUCojrNtBPZHO+M7gQ2FySeXdUH55P6A1wfgWyl17xos0pZrazPnEE5AIPyj8+fwrtZV07x9LPaWN+4jg/eNKiHAY8Ac9eN1b3hLwlaeFrOaCCV55Jn3ySuACeOBgdB1/Oim7Qa6s0qu8vkdDGMjv+FW40BUdhUMaED04q3FHwta04mEmTxLsTpXlfjT4mXVrqUmn6NHAY4m2yyzJvEhHUAenavVwPkxXzp4n0HxFoV9OL3SnubMOTHdRLuBXPBJHQ/WunZGaVzS034ivHcmCW1W1jl6LEcxhj2A/hHtzXe+DvEq3M8mn3DgNktDz1XgY/A5rz34ZW+l6prt19r2gxwHy1k7MSBkfhn867a98EXNtdreaRMuUO5U7Vx1FaV4nZTkpQ5ZnoeKSuYsvE8lsVt9Xt5LebplwQp+jdK6CC+t7hQUcHNNNMxlTlHcnPNYEjHQtUVxn7FdN8y9o3Pcex7/n610HGKx/Eiq2kSE4+Uj/AApS01HS1lyvqbCsrqCpyDS1x2ma3JbwIsrbj0OfUVc1HxRFaWgkLKpPUntS9rG2pbw072RuXF5HBDPIzACJcn8s1g6WW1nVZLyaEm3iBELHjPzA8fTBrlItfn1u7e2UFYWO9ie4z/gMfjXf6GkMGmRwxYAXtmkpczKnS9lC5cuYhNbvGR1FYNouy0QEfdyv5HH9K6KWRIo2kcgKoJJ9qybaAtCuVIYjJHueTXVh1aTZxVXeNixaDB5HOO1acYGM1Uhh244P4VdUYrokRFDqKKKkoKKKKACiiigApGGRilooApyRnOaieHcp4rQKg0gQVPKWp2Mb7Md3I69MUx7MeU6uoKtwQRwRW0YVJzSmMEYI4qeQv2zOGbwhoXnef/ZNqHzkHyxjP06VeEAXG1cKOBjtXUNbx4Pyis+W0xnaMc1EoM1hWRlFcKBj9MUjIcds+1X/ALH84+Uke9TrZ/IPl/IVPIy3USMS8nistPlubgkLGMnPf2ryiHSNe8W3NzPYxO8PmfMTIEBJ9yf5V7Xf6Bb6tCsN2rNCHDFA2A2Ox9ua07WxhtIVhgjSKNBhVQYAFRPDuo9XoctaXO99Dy7SPhVGswk1LyjG4yYo2JZT6bq9N03TLbTbJLe2j2Io6k5Y+5J5NXAgBzjmnVvToxp/CZ6LYKKKK1AKKKKAGOgZazZ7f5unFatMdA/UVMo3E1cyWtsoSOo6YrN1K3F9a3FncLmOZCj/AI/1rphCMYqCW0V2yQOOlZypvoQ49j5r1mwu4bx9JuIJGu4mMaqEJLjsQO+a9K8DeF77Q9BIvlZJp38zyifuDGBn37mvThbJ94ou8DAbHOKhntizKQOBROHMip3cbHMSWroSD/8ArqSJJbhlVvmKjA9eua3zZvngADsKfDYKj7xWSou5l7MyfsThMEcfrS/ZmTJxkdq3zCuOAKZ9mVlwRx2rT2JXszF+znaCBU9tbktyDn6VopaheOoqZIgnQU1TGoFZbYdhVmOJU6VJRWqikWlYKKKKYwoPSiigCsy81GYRu3VZK80BazcblXKEsX1yKoOp3Ede1bLxndnGR1qpJalnGMYJzXPUpt7GkZHkfi60fS/EksgBW3v49w9N44YfyP41kfDOQW/ji5hY/wCtt2A9yCD/AENeveI/CsHiDSvskztG6t5kcqjlGH9Oa5zw98N7fRdXXUmvJrm5QEJ8mxRkYPHOeD61T+Dle409bnUlDjAGK8M8S3m671dQf+Xyb9GIr6JNopCnHA7CuT1H4Z+HNQ1J7iS2nUyuZJFjmIVmJyTjt+FFODg22JzTOa+EFj5Phq5u9nzz3GM4/hUD+pNekwR7sj6cU7TtJs9KsYrGygENvEMKgz9e/XmriRbCaap63E5jViHAxz9KnVQoxSAc0+t4qxm2FIQDS0VQjIuvDGjXV19rewhS5wR50Y2Pg+pHX8apvod7andp+oMQOkc44/Mf4V0dN281EqcZbouNSUdmcbfXd0E8vU7Ro8dJAMqfxFZ0beU+63cAegr0B4gzc1j3Og6bPIT9lCH1jJT+WK5p4VvWLOqni4xVpL7jIg1u5iXawLVT1PUby/j8mOPczfdjB++3YfStoeHrJBwsrcd5W/xrRsdNhgXMcSIfUDBP40RwtR/G9BSxVNO8I6nndvoHiPzQJY4FA5/1vBPvjmtOXwjHeWw/tC6lknBypjO1U+g5z9T+ld61qN2VAqlc2zIchePQCt4Yakne1zCpiqzW9vQ4SHwxe6fKTbXsTj0kjKn8xn+Va9raawCAJYEPqrMf0wK6GSz3DKryBirFtZsifNQ8JQ3t+LF9brvRv8EZsVpcyBftV60oU52gbVz2yO9bEcWAMUptx2GDU8a7V561rGMYK0TJtyd2NjTB5qUUUUDCiiigAooooAKKKKACiiigAooooAKKKKACkKg9RS0UAJtX0FLRRQAUUUUAFFFFABRRRQAUUUUAFFFFABRRRQAUUUUAFFFFABRRRQAUUUUAFFFFABRRRQAUUUUAGKMUUUAGKTaKWigBMCgKo6AUtFABijAoooAKTFLRQAgFLRRQAUUUUAFFFFABTdi5zinUUAN8tc5xTqKKACmlQadRQA3YMk4p1FFABRRRQAUUUUAFFFFABRRRQB//2Q==', '1', '2021-02-05 15:58:24');

-- ----------------------------
-- Table structure for tb_bank_card
-- ----------------------------
DROP TABLE IF EXISTS `tb_bank_card`;
CREATE TABLE `tb_bank_card`  (
  `id` bigint(11) NOT NULL AUTO_INCREMENT COMMENT '主键',
  `patient_id` bigint(255) NULL DEFAULT NULL COMMENT '患者ID',
  `band_card_id` varchar(20) CHARACTER SET utf8 COLLATE utf8_general_ci NULL DEFAULT NULL COMMENT '银行卡ID',
  `card_details` varchar(255) CHARACTER SET utf8 COLLATE utf8_general_ci NULL DEFAULT NULL COMMENT '银行卡信息',
  PRIMARY KEY (`id`) USING BTREE
) ENGINE = InnoDB AUTO_INCREMENT = 1350754489902661634 CHARACTER SET = utf8 COLLATE = utf8_general_ci ROW_FORMAT = Dynamic;

-- ----------------------------
-- Records of tb_bank_card
-- ----------------------------
INSERT INTO `tb_bank_card` VALUES (1350005956039761921, 1, '1232131123718391', '工商银行');
INSERT INTO `tb_bank_card` VALUES (1350653512801386497, 1, '1232131123718', '描述细节');
INSERT INTO `tb_bank_card` VALUES (1350754489902661633, 1, '1232131123718', '描述细节');

-- ----------------------------
-- Table structure for tb_common_disease
-- ----------------------------
DROP TABLE IF EXISTS `tb_common_disease`;
CREATE TABLE `tb_common_disease`  (
  `id` bigint(20) NOT NULL AUTO_INCREMENT COMMENT '常见病id',
  `name` varchar(255) CHARACTER SET gbk COLLATE gbk_chinese_ci NULL DEFAULT NULL COMMENT '常见病名',
  PRIMARY KEY (`id`) USING BTREE
) ENGINE = InnoDB AUTO_INCREMENT = 9 CHARACTER SET = gbk COLLATE = gbk_chinese_ci COMMENT = '常见病表' ROW_FORMAT = Compact;

-- ----------------------------
-- Records of tb_common_disease
-- ----------------------------
INSERT INTO `tb_common_disease` VALUES (1, '感冒咳嗽');
INSERT INTO `tb_common_disease` VALUES (2, '头痛头晕');
INSERT INTO `tb_common_disease` VALUES (3, '过敏');
INSERT INTO `tb_common_disease` VALUES (4, '胃疼');
INSERT INTO `tb_common_disease` VALUES (5, '肚子疼');
INSERT INTO `tb_common_disease` VALUES (6, '妇科问题');
INSERT INTO `tb_common_disease` VALUES (7, '高血压');
INSERT INTO `tb_common_disease` VALUES (8, '糖尿病');

-- ----------------------------
-- Table structure for tb_common_disease_match
-- ----------------------------
DROP TABLE IF EXISTS `tb_common_disease_match`;
CREATE TABLE `tb_common_disease_match`  (
  `id` bigint(20) NOT NULL AUTO_INCREMENT COMMENT '常见病匹配表id',
  `disease_descrilbe` varchar(255) CHARACTER SET gbk COLLATE gbk_chinese_ci NULL DEFAULT NULL COMMENT '常见病描述',
  `common_id` bigint(20) NULL DEFAULT NULL COMMENT '常见病id',
  `physician_id` bigint(20) NULL DEFAULT NULL COMMENT '医生id',
  PRIMARY KEY (`id`) USING BTREE
) ENGINE = InnoDB AUTO_INCREMENT = 6 CHARACTER SET = gbk COLLATE = gbk_chinese_ci COMMENT = '常见病匹配表' ROW_FORMAT = Dynamic;

-- ----------------------------
-- Records of tb_common_disease_match
-- ----------------------------
INSERT INTO `tb_common_disease_match` VALUES (1, '感冒:出汗,发烧,手脚冰凉', 1, 3);
INSERT INTO `tb_common_disease_match` VALUES (2, '头痛:天旋地转', 2, 2);
INSERT INTO `tb_common_disease_match` VALUES (3, '过敏:身上痒,起红疹', 3, 4);
INSERT INTO `tb_common_disease_match` VALUES (4, '胃疼:肚子疼', 4, 5);
INSERT INTO `tb_common_disease_match` VALUES (5, '发烧:出汗，发热', 3, 2);

-- ----------------------------
-- Table structure for tb_consult
-- ----------------------------
DROP TABLE IF EXISTS `tb_consult`;
CREATE TABLE `tb_consult`  (
  `id` bigint(20) NOT NULL AUTO_INCREMENT COMMENT '咨询表id',
  `createtime` datetime(0) NULL DEFAULT NULL COMMENT '咨询时间',
  `physician_id` bigint(20) NULL DEFAULT NULL COMMENT '医师id',
  `physician_name` varchar(255) CHARACTER SET gbk COLLATE gbk_chinese_ci NULL DEFAULT NULL COMMENT '医师姓名',
  `patient_id` bigint(20) NULL DEFAULT NULL COMMENT '患者id',
  `patient_name` varchar(255) CHARACTER SET gbk COLLATE gbk_chinese_ci NULL DEFAULT NULL COMMENT '患者姓名',
  `status` int(2) NULL DEFAULT NULL COMMENT '咨询状态 （0 诊断结束，1诊断中）',
  `price` decimal(10, 2) NULL DEFAULT NULL COMMENT '咨询费用',
  `paytype` int(2) NULL DEFAULT NULL COMMENT '支付方式（0微信，1支付宝，2银行卡）',
  PRIMARY KEY (`id`) USING BTREE
) ENGINE = InnoDB AUTO_INCREMENT = 3 CHARACTER SET = gbk COLLATE = gbk_chinese_ci COMMENT = '咨询表' ROW_FORMAT = Dynamic;

-- ----------------------------
-- Records of tb_consult
-- ----------------------------
INSERT INTO `tb_consult` VALUES (1, '2021-01-06 18:55:50', 1, '扁鹊', 1, '张三', 0, 200.00, 0);
INSERT INTO `tb_consult` VALUES (2, '2021-01-16 18:56:02', 3, '张仲景', 3, '王五', 1, 200.00, 0);

-- ----------------------------
-- Table structure for tb_consult_record
-- ----------------------------
DROP TABLE IF EXISTS `tb_consult_record`;
CREATE TABLE `tb_consult_record`  (
  `id` bigint(20) NOT NULL AUTO_INCREMENT COMMENT '咨询明细表id',
  `consult_id` bigint(20) NULL DEFAULT NULL COMMENT '咨询表id',
  `createtime` datetime(0) NULL DEFAULT NULL ON UPDATE CURRENT_TIMESTAMP(0) COMMENT '发言时间',
  `contents` varchar(500) CHARACTER SET utf8mb4 COLLATE utf8mb4_general_ci NULL DEFAULT NULL COMMENT '发言内容',
  `spokesman` varchar(20) CHARACTER SET utf8mb4 COLLATE utf8mb4_general_ci NULL DEFAULT NULL COMMENT '发言人',
  PRIMARY KEY (`id`) USING BTREE
) ENGINE = InnoDB AUTO_INCREMENT = 3 CHARACTER SET = latin1 COLLATE = latin1_swedish_ci COMMENT = '咨询明细表' ROW_FORMAT = Dynamic;

-- ----------------------------
-- Records of tb_consult_record
-- ----------------------------
INSERT INTO `tb_consult_record` VALUES (1, 1, '2021-01-17 09:15:52', '你好张三', '扁鹊');
INSERT INTO `tb_consult_record` VALUES (2, 1, '2021-01-17 09:16:05', '你好扁鹊医生', '张三');

-- ----------------------------
-- Table structure for tb_department
-- ----------------------------
DROP TABLE IF EXISTS `tb_department`;
CREATE TABLE `tb_department`  (
  `id` bigint(20) NOT NULL AUTO_INCREMENT COMMENT '科室id',
  `hospital_id` bigint(20) NULL DEFAULT NULL COMMENT '医院id',
  `name` varchar(255) CHARACTER SET utf8 COLLATE utf8_general_ci NULL DEFAULT NULL COMMENT '科室名称',
  `diagnosis_times` bigint(20) NULL DEFAULT NULL COMMENT '问诊次数',
  `comment_num` bigint(20) NULL DEFAULT NULL COMMENT '评价次数',
  `physician_num` bigint(20) NULL DEFAULT NULL COMMENT '科室医师人数',
  `score` double(20, 2) NULL DEFAULT NULL COMMENT '总分数',
  PRIMARY KEY (`id`) USING BTREE
) ENGINE = InnoDB AUTO_INCREMENT = 7 CHARACTER SET = utf8 COLLATE = utf8_general_ci COMMENT = '科室表' ROW_FORMAT = Compact;

-- ----------------------------
-- Records of tb_department
-- ----------------------------
INSERT INTO `tb_department` VALUES (1, 1, '眼科', 0, 0, 1, 1.00);
INSERT INTO `tb_department` VALUES (2, 1, '耳科', 0, 0, 1, 1.00);
INSERT INTO `tb_department` VALUES (3, 1, '骨科', 0, 0, 1, 1.00);
INSERT INTO `tb_department` VALUES (4, 2, '眼科', 0, 0, 1, 1.00);
INSERT INTO `tb_department` VALUES (5, 2, '耳科', 0, 0, 1, 1.00);
INSERT INTO `tb_department` VALUES (6, 2, '骨科', 0, 0, 1, 1.00);

-- ----------------------------
-- Table structure for tb_department_physician_category
-- ----------------------------
DROP TABLE IF EXISTS `tb_department_physician_category`;
CREATE TABLE `tb_department_physician_category`  (
  `id` bigint(20) NOT NULL AUTO_INCREMENT COMMENT '中间表id',
  `name` varchar(255) CHARACTER SET utf8 COLLATE utf8_general_ci NULL DEFAULT NULL COMMENT '级别',
  `departments_id` bigint(20) NULL DEFAULT NULL COMMENT '科室id',
  `physician_id` bigint(20) NULL DEFAULT NULL COMMENT '医生id',
  PRIMARY KEY (`id`) USING BTREE
) ENGINE = InnoDB AUTO_INCREMENT = 10 CHARACTER SET = utf8 COLLATE = utf8_general_ci COMMENT = '科室医生中间表' ROW_FORMAT = Compact;

-- ----------------------------
-- Records of tb_department_physician_category
-- ----------------------------
INSERT INTO `tb_department_physician_category` VALUES (1, '主任医师', 1, 1);
INSERT INTO `tb_department_physician_category` VALUES (2, '专家医师', 1, 2);
INSERT INTO `tb_department_physician_category` VALUES (3, '普通医师', 1, 3);
INSERT INTO `tb_department_physician_category` VALUES (4, '主任医师', 2, 4);
INSERT INTO `tb_department_physician_category` VALUES (5, '专家医师', 2, 5);
INSERT INTO `tb_department_physician_category` VALUES (6, '普通医师', 2, 6);
INSERT INTO `tb_department_physician_category` VALUES (7, '主任医师', 3, 7);
INSERT INTO `tb_department_physician_category` VALUES (8, '专家医师', 3, 8);
INSERT INTO `tb_department_physician_category` VALUES (9, '普通医师', 3, 9);

-- ----------------------------
-- Table structure for tb_hospital
-- ----------------------------
DROP TABLE IF EXISTS `tb_hospital`;
CREATE TABLE `tb_hospital`  (
  `id` bigint(20) NOT NULL AUTO_INCREMENT COMMENT '主键id',
  `name` varchar(255) CHARACTER SET utf8 COLLATE utf8_general_ci NULL DEFAULT NULL COMMENT '医院名',
  `physician_num` bigint(20) NULL DEFAULT NULL COMMENT '医师数量',
  `diagnosis_times` bigint(20) NULL DEFAULT NULL COMMENT '问诊次数',
  `comment_num` bigint(20) NULL DEFAULT NULL COMMENT '评价次数',
  `score` double(20, 2) NULL DEFAULT NULL COMMENT '总分数',
  PRIMARY KEY (`id`) USING BTREE
) ENGINE = InnoDB AUTO_INCREMENT = 3 CHARACTER SET = utf8 COLLATE = utf8_general_ci COMMENT = '医院表' ROW_FORMAT = Compact;

-- ----------------------------
-- Records of tb_hospital
-- ----------------------------
INSERT INTO `tb_hospital` VALUES (1, '中国医学科学院北京协和医院', 0, 0, 0, 0.00);
INSERT INTO `tb_hospital` VALUES (2, '复旦大学附属中山医院', 0, 0, 0, 0.00);

-- ----------------------------
-- Table structure for tb_live_streaming
-- ----------------------------
DROP TABLE IF EXISTS `tb_live_streaming`;
CREATE TABLE `tb_live_streaming`  (
  `id` bigint(20) NOT NULL AUTO_INCREMENT COMMENT '直播表id',
  `goodat` varchar(255) CHARACTER SET gbk COLLATE gbk_chinese_ci NULL DEFAULT NULL COMMENT '擅长诊治的病症',
  `physician_id` bigint(20) NULL DEFAULT NULL COMMENT '医生id',
  `physician_name` varchar(255) CHARACTER SET gbk COLLATE gbk_chinese_ci NULL DEFAULT NULL COMMENT '医生名字',
  `status` int(2) NULL DEFAULT NULL COMMENT '状态(0未开播，1正在直播)',
  PRIMARY KEY (`id`) USING BTREE
) ENGINE = InnoDB AUTO_INCREMENT = 4 CHARACTER SET = gbk COLLATE = gbk_chinese_ci COMMENT = '直播表' ROW_FORMAT = Dynamic;

-- ----------------------------
-- Records of tb_live_streaming
-- ----------------------------
INSERT INTO `tb_live_streaming` VALUES (1, '小儿麻痹症', 1, '扁鹊', 1);
INSERT INTO `tb_live_streaming` VALUES (2, '癌症', 2, '华佗', 1);
INSERT INTO `tb_live_streaming` VALUES (3, '直播i列表', 3, '张仲景', 0);

-- ----------------------------
-- Table structure for tb_patient
-- ----------------------------
DROP TABLE IF EXISTS `tb_patient`;
CREATE TABLE `tb_patient`  (
  `id` bigint(20) NOT NULL AUTO_INCREMENT COMMENT '患者id',
  `phone` varchar(255) CHARACTER SET utf8 COLLATE utf8_general_ci NULL DEFAULT NULL COMMENT '患者手机号',
  `name` varchar(255) CHARACTER SET utf8 COLLATE utf8_general_ci NULL DEFAULT NULL COMMENT '患者姓名',
  `diagnosis_times` bigint(20) NULL DEFAULT NULL COMMENT '问诊次数',
  `birthday` datetime(0) NULL DEFAULT NULL COMMENT '出生日期',
  `total_price` decimal(10, 2) NULL DEFAULT NULL COMMENT '支付总额',
  `password` varchar(20) CHARACTER SET utf8 COLLATE utf8_general_ci NULL DEFAULT NULL COMMENT '密码',
  PRIMARY KEY (`id`) USING BTREE
) ENGINE = InnoDB AUTO_INCREMENT = 5 CHARACTER SET = utf8 COLLATE = utf8_general_ci COMMENT = '患者表' ROW_FORMAT = Compact;

-- ----------------------------
-- Records of tb_patient
-- ----------------------------
INSERT INTO `tb_patient` VALUES (1, '1399854652', '张三', 1, '2021-01-05 08:06:07', 158.00, '123');
INSERT INTO `tb_patient` VALUES (2, '1512452322', '李四', 1, '2021-01-05 08:06:52', 258.00, '123456');
INSERT INTO `tb_patient` VALUES (3, '14123568796', '王五', 1, '2021-01-27 08:06:55', 145.00, '123456');
INSERT INTO `tb_patient` VALUES (4, '123032145689', '赵六', 1, '2021-01-22 08:06:58', 144.00, '123456');

-- ----------------------------
-- Table structure for tb_patient_record
-- ----------------------------
DROP TABLE IF EXISTS `tb_patient_record`;
CREATE TABLE `tb_patient_record`  (
  `id` bigint(20) NOT NULL AUTO_INCREMENT COMMENT '患者问诊记录id',
  `createtime` datetime(0) NULL DEFAULT NULL COMMENT '问诊时间',
  `patient_id` bigint(20) NULL DEFAULT NULL,
  `name` varchar(255) CHARACTER SET utf8 COLLATE utf8_general_ci NULL DEFAULT NULL COMMENT '患者姓名',
  `age` int(11) NULL DEFAULT NULL COMMENT '年龄',
  `price` decimal(10, 2) NULL DEFAULT NULL COMMENT '支付问诊金额',
  `patient_condition` varchar(1000) CHARACTER SET utf8 COLLATE utf8_general_ci NULL DEFAULT NULL COMMENT '病情',
  `physician_name` varchar(255) CHARACTER SET utf8 COLLATE utf8_general_ci NULL DEFAULT NULL COMMENT '问诊医生姓名',
  `category_name` varchar(255) CHARACTER SET utf8 COLLATE utf8_general_ci NULL DEFAULT NULL COMMENT '问诊医生职称',
  `hospital_name` varchar(255) CHARACTER SET utf8 COLLATE utf8_general_ci NULL DEFAULT NULL COMMENT '问诊医生隶属医院',
  PRIMARY KEY (`id`) USING BTREE
) ENGINE = InnoDB AUTO_INCREMENT = 5 CHARACTER SET = utf8 COLLATE = utf8_general_ci COMMENT = '患者问诊记录表' ROW_FORMAT = Compact;

-- ----------------------------
-- Records of tb_patient_record
-- ----------------------------
INSERT INTO `tb_patient_record` VALUES (1, '2021-01-13 08:51:08', 1, '张三', 18, 100.00, '发烧', '扁鹊', '主任医师', '中国医学科学院北京协和医院');
INSERT INTO `tb_patient_record` VALUES (2, '2021-01-06 10:16:29', 2, '李四', 20, NULL, NULL, NULL, NULL, NULL);
INSERT INTO `tb_patient_record` VALUES (3, '2021-01-13 10:16:31', 3, '王五', 23, NULL, NULL, NULL, NULL, NULL);
INSERT INTO `tb_patient_record` VALUES (4, '2021-01-20 10:16:33', 4, '赵六', 17, NULL, NULL, NULL, NULL, NULL);

-- ----------------------------
-- Table structure for tb_physician
-- ----------------------------
DROP TABLE IF EXISTS `tb_physician`;
CREATE TABLE `tb_physician`  (
  `id` bigint(20) NOT NULL AUTO_INCREMENT COMMENT '医师ID',
  `department_physician_category_id` bigint(20) NULL DEFAULT NULL COMMENT '科室医生中间表ID',
  `name` varchar(255) CHARACTER SET utf8 COLLATE utf8_general_ci NULL DEFAULT NULL COMMENT '医师名',
  `years` int(11) NULL DEFAULT NULL COMMENT '年限',
  `state` int(11) NULL DEFAULT NULL COMMENT '审核状态(0未审核1通过2未通过)',
  `doctor_qualification_certificate` varchar(3000) CHARACTER SET utf8 COLLATE utf8_general_ci NULL DEFAULT NULL COMMENT '医师资格证',
  `physician_practicing_certificate` varchar(3000) CHARACTER SET utf8 COLLATE utf8_general_ci NULL DEFAULT NULL COMMENT '医师执业证书',
  `id_card` varchar(255) CHARACTER SET utf8 COLLATE utf8_general_ci NULL DEFAULT NULL COMMENT '身份证',
  `total_revenue` decimal(20, 2) NULL DEFAULT NULL COMMENT '总收入金额',
  `diagnosis_times` bigint(11) NULL DEFAULT NULL COMMENT '问诊次数',
  `comment_num` bigint(20) NULL DEFAULT NULL COMMENT '评价次数',
  `score` double(20, 2) NULL DEFAULT NULL COMMENT '总分数',
  PRIMARY KEY (`id`) USING BTREE
) ENGINE = InnoDB AUTO_INCREMENT = 11 CHARACTER SET = utf8 COLLATE = utf8_general_ci COMMENT = '医师表' ROW_FORMAT = Compact;

-- ----------------------------
-- Records of tb_physician
-- ----------------------------
INSERT INTO `tb_physician` VALUES (1, 1, '扁鹊', 200, 1, NULL, NULL, '140524100001010000', 0.00, 3, 2, 1.00);
INSERT INTO `tb_physician` VALUES (2, 4, '华佗', 300, 1, NULL, NULL, '140524100001010000', 0.00, 8, 1, 1.00);
INSERT INTO `tb_physician` VALUES (3, 7, '张仲景', 321, 1, NULL, NULL, '140524100001010000', 0.00, 20, 11, 1.00);
INSERT INTO `tb_physician` VALUES (4, 8, '皇甫谧', 123, 1, NULL, NULL, '140524100001010000', 0.00, 3, 1, 1.00);
INSERT INTO `tb_physician` VALUES (5, 9, '叶桂', 351, 1, NULL, NULL, '140524100001010000', 0.00, 13, 12, 1.00);
INSERT INTO `tb_physician` VALUES (6, 10, '孙思邈', 125, 1, NULL, NULL, '140524100001010000', 0.00, 2, 1, 1.00);
INSERT INTO `tb_physician` VALUES (7, 13, '薛生白', 543, 1, NULL, NULL, '140524100001010000', 0.00, 2, 1, 1.00);
INSERT INTO `tb_physician` VALUES (8, 16, '宋慈', 234, 1, NULL, NULL, '140524100001010000', 0.00, 2, 1, 1.00);
INSERT INTO `tb_physician` VALUES (9, 17, '李时珍', 512, 1, NULL, NULL, '140524100001010000', 0.00, 2, 1, 1.00);
INSERT INTO `tb_physician` VALUES (10, 18, '葛洪', 123, 1, NULL, NULL, '140524100001010000', 0.00, 22, 11, 1.00);

-- ----------------------------
-- Table structure for tb_physician_record
-- ----------------------------
DROP TABLE IF EXISTS `tb_physician_record`;
CREATE TABLE `tb_physician_record`  (
  `id` bigint(20) NOT NULL AUTO_INCREMENT COMMENT '医生问诊记录id',
  `createtime` datetime(0) NULL DEFAULT NULL COMMENT '问诊时间',
  `price` decimal(10, 2) NULL DEFAULT NULL COMMENT '收取问诊金额',
  `physician_condition` varchar(2550) CHARACTER SET utf8 COLLATE utf8_general_ci NULL DEFAULT NULL COMMENT '病情',
  `physician_id` bigint(20) NULL DEFAULT NULL COMMENT '医师ID',
  `physician_name` varchar(255) CHARACTER SET utf8 COLLATE utf8_general_ci NULL DEFAULT NULL COMMENT '医生姓名',
  `category_name` varchar(255) CHARACTER SET utf8 COLLATE utf8_general_ci NULL DEFAULT NULL COMMENT '医生等级',
  `hospital_name` varchar(255) CHARACTER SET utf8 COLLATE utf8_general_ci NULL DEFAULT NULL COMMENT '医生隶属医院',
  `patient_id` bigint(20) NULL DEFAULT NULL COMMENT '患者ID',
  `patient_name` varchar(255) CHARACTER SET utf8 COLLATE utf8_general_ci NULL DEFAULT NULL COMMENT '患者姓名',
  `age` int(11) NULL DEFAULT NULL COMMENT '年龄',
  PRIMARY KEY (`id`) USING BTREE
) ENGINE = InnoDB AUTO_INCREMENT = 2 CHARACTER SET = utf8 COLLATE = utf8_general_ci COMMENT = '医生问诊记录表' ROW_FORMAT = Compact;

-- ----------------------------
-- Records of tb_physician_record
-- ----------------------------
INSERT INTO `tb_physician_record` VALUES (1, '2021-01-05 08:34:09', 100.00, '发烧', 1, '扁鹊', '主任医师', '中国医学科学院北京协和医院', 1, '张三', 18);

SET FOREIGN_KEY_CHECKS = 1;
